GPU,Score,Price
GeForce RTX 4090,38894,1699.99
GeForce RTX 4080,34680,1149.99
GeForce RTX 4070 Ti,31688,782.2
Radeon RX 7900 XTX,31161,949.99
Radeon PRO W7900,30928,0.0
GeForce RTX 3090 Ti,29830,1539.99
Radeon PRO W7800,29368,0.0
Radeon RX 7900 XT,28921,999.99
GeForce RTX 4090 Laptop GPU,28767,0.0
Radeon RX 6950 XT,28535,808.14
GeForce RTX 3080 Ti,27321,1143.99
Radeon RX 6900 XT,26965,926.61
GeForce RTX 3090,26871,1825.32
GeForce RTX 4070,26859,539.99
GeForce RTX 3080 12GB,26725,0.0
GeForce RTX 4080 Laptop GPU,26253,0.0
GeForce RTX 3080,25349,679.99
RTX 4000 Ada Generation,25226,0.0
Radeon RX 6800 XT,25132,489.99
Radeon RX 7900 GRE,25076,0.0
RTX 4000 Ada Generation Laptop GPU,24113,0.0
GeForce RTX 3070 Ti,23761,479.19
Radeon RX 7800 XT,23623,499.99
RTX A5000,23135,2229.99
RTX 6000 Ada Generation,23103,0.0
RTX A6000,22874,4109.99
RTX 5000 Ada Generation Laptop GPU,22872,0.0
GeForce RTX 4060 Ti 16GB,22713,499.0
GeForce RTX 4060 Ti,22530,369.99
GeForce RTX 3070,22470,449.99
RTX 4500 Ada Generation,22293,0.0
Radeon RX 6800,22293,399.99
NVIDIA A10,22064,0.0
GeForce RTX 2080 Ti,21845,1399.99
RTX A4500,21689,1079.99
Radeon RX 7700 XT,21325,429.99
Radeon RX 7900M,21232,0.0
RTX A5500,21030,2169.99
Radeon RX 6750 XT,20887,438.15
GeForce RTX 3060 Ti,20602,379.99
RTX 4000 SFF Ada Generation,20529,0.0
RTX 3500 Ada Generation Laptop GPU,20478,0.0
GeForce RTX 3080 Ti Laptop GPU,20211,0.0
Quadro GV100,20021,8999.0
Radeon PRO W6800,19967,1849.99
TITAN RTX,19912,2409.2
Radeon RX 6700 XT,19894,309.99
TITAN V,19888,1999.99
GeForce RTX 2080 SUPER,19596,740.99
GeForce RTX 4070 Laptop GPU,19561,0.0
Quadro RTX 8000,19402,4741.49
GeForce RTX 4060,19382,299.99
RTX A4000,19364,749.99
TITAN Xp COLLECTORS EDITION,19356,0.0
Quadro RTX 6000,19256,6300.0
GeForce RTX 2080,18801,800.61
Radeon RX 6700,18761,0.0
NVIDIA TITAN Xp,18703,1645.0
RTX 3000 Ada Generation Laptop GPU,18570,0.0
GeForce GTX 1080 Ti,18534,483.82
Radeon RX 6850M XT,18418,0.0
NVIDIA A10G,18293,0.0
GeForce RTX 3070 Ti Laptop GPU,18287,0.0
GeForce RTX 2070 SUPER,18251,497.95
Radeon PRO W7600,18228,0.0
GeForce RTX 4060 Laptop GPU,18000,0.0
A40-48Q,17864,0.0
RTX A5500 Laptop GPU,17644,0.0
Radeon Pro W5700X,17591,0.0
RTX A4500 Laptop GPU,17581,0.0
Radeon RX 6650 XT,17477,357.33
GeForce RTX 3060,17098,259.99
TITAN V CEO Edition,16988,0.0
Radeon RX 5700 XT,16778,433.56
Radeon VII,16753,1899.95
Radeon RX 5700 XT 50th Anniversary,16625,0.0
GeForce RTX 2060 SUPER,16578,409.99
GeForce RTX 3080 Laptop GPU,16552,0.0
Radeon RX 6600 XT,16457,314.99
Tesla V100-SXM2-16GB,16235,0.0
GeForce RTX 2070,16176,519.99
Quadro RTX 5000,16060,0.0
Radeon RX 7600,16057,259.99
Radeon PRO W6600,16049,0.0
Radeon Pro Vega II Duo,15977,0.0
Miracast display port driver V3,15910,0.0
RTX A5000 Laptop GPU,15899,0.0
GeForce RTX 2060 12GB,15899,0.0
Radeon PRO W7500,15831,0.0
Radeon Pro Vega II,15668,0.0
RTX A4000 Laptop GPU,15620,0.0
Quadro GP100,15608,0.0
RTX 2000 Ada Generation Laptop GPU,15592,0.0
GeForce RTX 3070 Laptop GPU,15528,0.0
GeForce GTX 1080,15500,442.79
Quadro RTX 4000,15473,899.0
Radeon Pro VII,15441,0.0
Radeon RX 6800S,15423,0.0
Radeon Pro W5700,15421,649.99
Quadro P6000,15232,3250.0
Radeon RX 6600,15140,329.0
GeForce RTX 2080 (Mobile),15107,0.0
Radeon RX 6600S,14897,0.0
Radeon RX 6700S,14867,0.0
Quadro RTX 5000 (Mobile),14832,0.0
GeForce RTX 4050 Laptop GPU,14767,0.0
GeForce GTX 1070 Ti,14717,569.99
Radeon Pro Vega 64X,14631,0.0
Radeon RX 5700,14599,309.99
RTX A3000 12GB Laptop GPU,14558,0.0
RTX 5000 Ada Generation,14506,0.0
Radeon RX Vega 64,14477,749.99
GeForce RTX 2060,14123,374.5
RadeonT RX 6850M XT,14122,0.0
Radeon Pro WX 8200,13932,1599.39
GeForce RTX 2070 Super with Max-Q Design,13915,0.0
GeForce RTX 2080 Super with Max-Q Design,13852,0.0
GeForce GTX 980 Ti,13836,778.69
RTX A2000,13786,768.99
Radeon RX 5600 XT,13769,545.0
Radeon RX 6650M,13676,0.0
NVIDIA TITAN X,13660,608.1
Radeon RX 6600M,13652,189.99
RTX A2000 12GB,13644,0.0
Quadro RTX 5000 with Max-Q Design,13570,0.0
GeForce GTX 1070,13511,488.09
Radeon RX 7700S,13486,0.0
Radeon RX 7600S,13429,0.0
GeForce RTX 3060 Laptop GPU,13419,309.99
Radeon RX Vega 56,13418,752.99
NVIDIA A40,13371,0.0
Radeon Vega Frontier Edition,13337,1679.99
Radeon RX 6700M,13283,269.99
Radeon RX 6800M,13183,0.0
GeForce RTX 2080 with Max-Q Design,13180,2099.99
Intel d gfx-driver-ci-master-14429 DCH RI,13174,0.0
Radeon PRO W6600X,13113,0.0
GeForce GTX TITAN X,13058,1096.99
Radeon Pro Vega 64,12984,0.0
Tesla V100-PCIE-16GB,12983,0.0
GeForce RTX 3050,12966,214.99
Radeon Pro WX 9100,12960,0.0
GeForce GTX 1660 Ti,12959,337.51
GeForce GTX 1660 SUPER,12784,191.34
Radeon Pro 5700 XT,12708,0.0
Quadro RTX 4000 (Mobile),12672,0.0
Tesla T10,12650,0.0
Quadro RTX 4000 with Max-Q Design,12636,0.0
Quadro P5200 with Max-Q Design,12608,0.0
Quadro P5200,12594,0.0
RTX A3000 Laptop GPU,12490,0.0
GeForce RTX 2070 (Mobile),12354,0.0
Radeon Pro Vega 56,12354,0.0
Quadro P5000,12294,1868.99
Radeon RX 6850M,12274,0.0
Radeon Pro V520 MxGPU,12258,0.0
GeForce RTX 3050 OEM,12051,0.0
Radeon RX 5600 OEM,12038,0.0
Intel Arc A580,11987,427.98
GeForce RTX 2070 with Max-Q Design,11890,0.0
Quadro M6000 24GB,11879,0.0
Radeon Pro 5700,11844,0.0
Quadro M6000,11741,4827.53
GeForce GTX 1660,11713,266.73
Quadro P4000,11644,556.19
GeForce GTX 1080 with Max-Q Design,11571,0.0
Radeon RX 5600,11507,0.0
Tesla P40,11395,0.0
GeForce RTX 2060 (Mobile),11355,0.0
Radeon Pro Vega 48,11300,0.0
Quadro P4200 with Max-Q Design,11163,0.0
Quadro RTX 3000,11146,0.0
GeForce GTX 980,11140,247.35
CMP 40HX,11072,0.0
RTX A1000 Embedded GPU,11047,0.0
GRID P40-12Q,11028,0.0
RTX A2000 8GB Laptop GPU,10930,0.0
Tesla T4,10725,4420.77
GeForce RTX 3050 6GB Laptop GPU,10672,0.0
Radeon RX 7600M XT,10630,0.0
Radeon Pro SSG,10498,2410.15
Tesla M40 24GB,10475,0.0
GeForce GTX 1070 (Mobile),10465,0.0
Quadro P4200,10445,0.0
GeForce GTX 1660 Ti (Mobile),10211,0.0
Tesla M40,10183,600.0
GeForce RTX 3050 Ti Laptop GPU,10178,0.0
GeForce GTX 1650 SUPER,10114,184.05
GeForce GTX 1060,10075,279.99
GeForce GTX 1070 with Max-Q Design,10041,0.0
RTX A2000 Laptop GPU,10028,0.0
Radeon R9 Fury X,10017,0.0
RTX A1000 6GB Laptop GPU,9948,0.0
GRID P40-2B,9842,0.0
GeForce RTX 2060 with Max-Q Design,9784,0.0
GeForce GTX 1060 3GB,9760,269.99
Radeon R9 Fury + Fury X,9741,449.99
Radeon RX 6550M,9669,0.0
GeForce GTX 970,9643,237.99
Radeon R9 Fury,9620,443.1
Intel Arc A770,9568,393.23
RTX A1000 Laptop GPU,9548,0.0
Radeon RX 590,9492,549.99
Radeon RX 6500 XT,9487,179.99
GeForce GTX 780 Ti,9486,339.99
Radeon Ryzen 9 4900HSS,9461,0.0
Radeon R9 390X,9447,0.0
Radeon Pro 5600M,9415,0.0
Intel Arc Pro A60,9409,0.0
GeForce RTX 3050 Laptop GPU,9404,269.99
Quadro M5000,9388,499.0
Quadro P2200,9375,459.8
Intel Arc A730M,9258,0.0
Radeon RX 5500 XT,9181,184.99
Radeon Pro W5500,9134,409.99
Quadro P3200,9123,389.3
GRID P40-2B4,9111,0.0
Quadro P3200 with Max-Q Design,9084,0.0
Quadro P4000 with Max-Q Design,9083,0.0
GeForce GTX 1060 5GB,9023,487.99
GeForce GTX TITAN Black,9011,524.99
Intel Arc A750,8987,179.99
Radeon R9 390,8987,0.0
GeForce GTX TITAN Z,8987,1515.0
GRID P40-8Q,8967,0.0
Radeon RX 580,8901,179.99
Radeon RX 5500,8835,0.0
GeForce GTX 1660 Ti with Max-Q Design,8675,0.0
Tesla P4,8666,0.0
Radeon RX 480,8664,339.99
Radeon R9 290X,8661,0.0
Radeon R9 295X2,8638,499.1
Radeon RX590 GME,8525,0.0
GRID RTX6000-1B,8473,0.0
Quadro RTX 3000 with Max-Q Design,8419,0.0
Radeon R9 290X / 390X,8389,319.99
RTX A4500 Embedded GPU,8373,0.0
Ryzen 5 4600HS with Radeon Graphics,8371,0.0
Radeon R9 290,8359,0.0
Radeon Pro 5500 XT,8330,0.0
Radeon RX 5600M,8326,0.0
Radeon Pro Duo,8296,3970.36
Tesla V100-PCIE-32GB,8260,0.0
GeForce GTX Titan,8212,745.0
GeForce GTX 1060 (Mobile),8161,0.0
Radeon R9 290 / 390,8150,380.0
Quadro K6000,8056,210.66
Radeon RX 470/570,8044,388.99
GeForce GTX 780,8024,279.99
Ryzen 9 6900HS,8005,0.0
Radeon PRO W6400,7962,0.0
Radeon RX 6500M,7931,0.0
FirePro W9100,7928,1729.99
Radeon Pro WX 7100,7927,1047.99
Quadro M5500,7915,0.0
GeForce GTX 1060 with Max-Q Design,7885,0.0
GeForce GTX 1650,7864,154.99
T1200 Laptop GPU,7844,0.0
Radeon RX 580X,7798,0.0
Tesla M60,7771,787.9
Radeon Pro 580,7753,0.0
Radeon RX 580 2048SP,7737,0.0
Radeon RX 5300,7687,0.0
T1000,7666,399.99
T1000 8GB,7592,0.0
GeForce GTX 1650 Ti,7576,0.0
Radeon Pro 580X,7540,0.0
Radeon Ryzen 9 6900HS,7515,0.0
Tesla M6,7509,199.0
Intel Arc A770M,7485,0.0
Radeon RX 6500,7470,0.0
Radeon RX 6400,7440,159.4
GeForce GTX 980M,7349,289.99
FirePro W8100,7279,704.0
GeForce RTX 2050,7267,0.0
Radeon Pro 5300,7230,0.0
Tesla P100-PCIE-16GB,7225,0.0
Radeon Ryzen 9 4900HS,7186,0.0
Radeon 780M,7168,0.0
Quadro T2000,7160,528.35
T600 Laptop GPU,7094,0.0
A10-8Q,7042,0.0
Quadro M5000M,7025,546.92
GeForce RTX 3050 4GB Laptop GPU,7011,0.0
RTX A500 Laptop GPU,7003,0.0
Ryzen 7 4800HS with Radeon Graphics,6999,0.0
RadeonT 780M,6995,0.0
GeForce GTX 1650 (Mobile),6969,0.0
Radeon Pro W5500X,6967,0.0
Quadro T2000 with Max-Q Design,6944,0.0
Quadro P2000,6906,439.6
Ryzen 7 6800HS with Radeon Graphics,6867,0.0
Radeon Pro 5500M,6816,0.0
GeForce GTX 970XM FORCE,6707,0.0
Radeon R9 285,6680,0.0
Quadro M4000,6664,362.0
Quadro T1000 with Max-Q Design,6662,0.0
Quadro P3000,6609,0.0
Quadro T1000,6594,375.94
Radeon Pro WX 7130,6578,0.0
Radeon RX Vega M GH,6576,0.0
Radeon Ryzen 7 6800HS,6567,0.0
AMD Ryzen Z1 Extreme,6547,0.0
Radeon RX 6300,6545,0.0
T600,6467,239.99
GeForce GTX 1650 Ti with Max-Q Design,6423,0.0
P106-100,6400,0.0
Radeon Pro 570,6337,0.0
Ryzen 9 6900HS with Radeon Graphics,6331,0.0
GeForce GTX 1050 Ti,6306,283.99
Quadro M4000M,6266,254.91
Radeon R9 380X,6236,349.99
Radeon R9 280X,6233,0.0
Tesla K80,6210,593.95
Radeon R9 380,6207,89.99
Radeon 680M Ryzen 7 7735HS,6180,0.0
GeForce MX570 A,6171,0.0
FirePro W9000,6138,845.0
Radeon PRO W6300,6137,0.0
GeForce GTX 1650 with Max-Q Design,6126,0.0
GeForce GTX 960,6046,172.0
Quadro K5200,6034,415.0
GeForce MX570,6021,0.0
Radeon Pro 5300M,5996,0.0
GRID P100-16Q,5945,0.0
GeForce GTX 1050 Ti (Mobile),5919,0.0
GeForce GTX 770,5913,249.0
Ryzen 9 PRO 6950H with Radeon Graphics,5828,0.0
A16,5797,0.0
Radeon Ryzen 7 7736U,5790,0.0
Ryzen 9 PRO 6950H,5759,0.0
Radeon Ryzen 7 PRO 6850H,5757,0.0
GeForce GTX 970M,5724,209.99
Radeon PRO Ryzen 7 PRO 6850U,5691,0.0
Radeon Ryzen 7 7735H,5609,0.0
Radeon Pro WX 5100,5606,359.99
Radeon R9 280,5585,0.0
Ryzen 7 PRO 6850U,5581,0.0
GeForce GTX 690,5579,280.99
NVIDIA A40-12Q,5573,0.0
Ryzen 9 5900HS with Radeon Graphics,5570,0.0
Radeon HD 7990,5566,399.99
Radeon R9 285 / 380,5550,485.0
GeForce GTX 680,5543,399.0
GRID M60-8A,5523,0.0
Radeon Ryzen 9 7950X 16-Core,5515,0.0
Quadro M3000M,5509,159.95
Radeon Ryzen 7 6800H,5442,0.0
GeForce GTX 760 Ti OEM,5427,0.0
Ryzen 9 6900HX,5416,0.0
Radeon Ryzen 7 7735HS,5416,0.0
Radeon RX 5500M,5415,0.0
Radeon 760M,5413,0.0
Radeon Ryzen 7 6800HS Creator Edition,5386,0.0
GeForce GTX 1050 Ti with Max-Q Design,5384,0.0
GRID P40-4Q,5365,0.0
Ryzen 7 6800HS Creator Edition,5345,0.0
GeForce GTX 950,5344,141.99
FirePro W7100,5326,389.3
GeForce GTX 670,5315,193.98
Ryzen 7 7735HS with Radeon Graphics,5307,0.0
Radeon Pro Vega 20,5300,0.0
Radeon Ryzen 9 6900HX,5276,0.0
Radeon HD 7970 / R9 280X,5248,246.99
Ryzen 7 6800H,5248,0.0
Ryzen 7 6800HS,5237,0.0
Intel Arc Pro A40/A50,5224,0.0
Radeon HD 8990,5214,0.0
Radeon Ryzen 7 PRO 6850HS,5212,0.0
GRID M60-2Q,5203,0.0
Radeon R9 M395X,5195,0.0
GeForce GTX 760 Ti,5191,297.5
Radeon Ryzen 7 PRO 6850U,5181,0.0
Q12U-1,5164,0.0
Radeon R9 M295X,5150,1449.0
Quadro P2000 with Max-Q Design,5147,0.0
GeForce GTX 1050 3GB,5141,0.0
Radeon Ryzen 7 7735U,5130,0.0
Ryzen 7 PRO 6860Z,5077,0.0
Ryzen 9 PRO 6950HS with Radeon Graphics,5068,0.0
FirePro S9000,5059,0.0
GRID T4-16Q,5055,0.0
GeForce GTX 1050,5049,239.0
EIZO Quadro MED-XN51LP,5048,0.0
Ryzen 7 PRO 6850U with Radeon Graphics,5043,0.0
Radeon R9 M395,5024,0.0
Ryzen 7 6800U,5006,0.0
GeForce GTX 1630,5004,189.99
Radeon Instinct MI25 MxGPU,4979,0.0
Barco MXRT 7600,4944,602.59
Ryzen 7 6800H with Radeon Graphics,4922,0.0
Radeon R9 270X,4914,326.5
FirePro S9050,4901,0.0
Ryzen 7 6800U with Radeon Graphics,4845,0.0
GRID P40-2Q,4844,0.0
T550 Laptop GPU,4834,0.0
Radeon Ryzen 7 4800HS,4818,0.0
Ryzen 7 PRO 6860Z with Radeon Graphics,4789,0.0
GeForce GTX 760,4783,149.0
GRID RTX6000P-6Q,4777,0.0
FirePro S10000,4768,0.0
Radeon HD 7950 / R9 280,4765,132.2
Intel Arc A380,4764,0.0
Radeon Sky 500,4764,0.0
GRID P40-24Q,4728,0.0
Radeon R9 370,4722,159.99
Radeon Pro Vega 16,4683,0.0
Ryzen 9 6900HX with Radeon Graphics,4680,0.0
GRID V100D-2Q,4668,0.0
Radeon Pro WX Vega M GL,4643,0.0
Radeon HD 7870,4639,176.0
Radeon Ryzen 7 PRO 6860Z,4637,0.0
A16-2Q,4583,0.0
GeForce MX550,4582,0.0
Radeon Ryzen 9 PRO 6950HS,4558,0.0
B8DKMDAP,4557,0.0
Radeon Ryzen 7 6800U,4548,0.0
GeForce GTX 580,4545,139.92
Radeon Eng Sample: 100-000000561-40_Y,4544,0.0
Radeon Pro 465,4538,0.0
FirePro S7000,4524,246.54
GRID T4-8Q,4519,0.0
Radeon R7 370,4514,0.0
Tesla K40c,4495,0.0
Radeon HD 7870 XT,4470,0.0
GeForce GTX 1050 (Mobile),4462,0.0
GRID M60-1B,4457,0.0
Citrix Indirect Display Adapter,4447,0.0
Quadro P1000,4437,289.99
GRID P6-4Q,4429,0.0
GeForce GTX 660 Ti,4386,144.0
FirePro W7000 Adapter,4362,0.0
GRID GTX P40-6,4340,0.0
Tesla K20m,4331,0.0
Quadro K4200,4319,249.0
Radeon RX 5300M,4307,0.0
Radeon R9 270,4306,0.0
Quadro M2200,4301,249.99
GRID RTX6000P-4Q,4283,0.0
FirePro W7000,4261,278.05
Radeon R9 270 / R7 370,4260,213.16
RTXA6000-8Q,4237,0.0
NVIDIA A40-4Q,4230,0.0
NVIDIA A40-8Q,4220,0.0
RadeonT 680M Ryzen 7 7735HS,4159,0.0
GRID V100D-8Q,4156,0.0
Radeon Ryzen 5 7535HS,4156,0.0
GeForce GTX 680MX,4142,0.0
Radeon RX 460,4113,166.81
FirePro W8000,4096,573.0
Radeon 660M Ryzen 5 7535HS,4078,0.0
Radeon PRO Ryzen 5 PRO 6650U,4067,0.0
RadeonT 660M Ryzen 5 7535HS,4042,0.0
GeForce GTX 480,4040,169.99
Radeon HD 7800-serie,4029,0.0
Radeon Ryzen 5 6600H,4014,0.0
GeForce GTX 1050 with Max-Q Design,3997,0.0
GeForce GTX 660,3997,167.95
Quadro K5000,3983,249.0
Quadro M2000,3975,264.24
A40-24Q,3973,0.0
GRID RTX8000-4Q,3961,0.0
GeForce GTX 570,3930,149.99
GRID P6-2Q,3926,0.0
GeForce GTX 750 Ti,3903,88.11
GRID M60-8Q,3884,0.0
Radeon HD 8970M,3876,139.99
Intel Arc A310,3876,109.99
Matrox LUMA A310F,3873,0.0
GeForce GTX 780M,3872,499.0
Radeon HD 7850,3856,169.99
Radeon Ryzen 5 6600HS Creator Edition,3851,0.0
Radeon HD 7970M,3847,0.0
GRID RTX8000P-2Q,3843,0.0
GRID P100-8Q,3841,0.0
GRID M60-4Q,3831,0.0
Radeon Ryzen 7 4800H,3813,0.0
GRID V100-2Q,3811,0.0
P104-100,3807,299.99
GeForce GTX 880M,3804,0.0
Radeon Ryzen 5 7535U,3792,0.0
Intel Arc,3774,0.0
Radeon Pro WX 4100,3765,499.99
Barco MXRT 7500,3753,299.0
Ryzen 7 PRO 6850HS with Radeon Graphics,3736,0.0
GeForce GTX 965M,3732,0.0
Ryzen 5 PRO 6650H with Radeon Graphics,3727,0.0
GeForce MX450,3724,0.0
GRID M60-1Q,3695,0.0
T500,3694,0.0
Eng Sample: 100-000000545-40_Y,3692,0.0
Matrox LUMA A310,3690,0.0
Ryzen 5 6600HS Creator Edition,3686,0.0
T400 4GB,3684,0.0
Ryzen 5 7535HS with Radeon Graphics,3680,0.0
Radeon Pro 560X,3678,0.0
Ryzen 5 6600H with Radeon Graphics,3674,0.0
Radeon Ryzen 5 PRO 6650U,3674,0.0
Radeon R9 M485X,3661,0.0
Intel Arc A370M,3646,0.0
Radeon RX 560,3646,196.99
T400,3620,179.99
Radeon RX Vega M GL,3607,0.0
GRID T4-1Q,3603,0.0
Quadro P620,3596,574.55
Ryzen 5 PRO 6650U with Radeon Graphics,3575,0.0
GRID RTX8000-2Q,3574,0.0
GeForce GTX 680M KY_Bullet Edition,3569,0.0
GRID M6-8Q,3568,0.0
Radeon Ryzen 5 6600U,3565,0.0
GeForce GTX 775M,3551,0.0
Quadro K2200,3549,268.3
Microsoft Basic Display Adapter Ryzen 5 3550H,3537,0.0
Ryzen 5 7535U with Radeon Graphics,3529,0.0
Ryzen 5 PRO 6650U,3519,0.0
GRID K520,3516,149.99
Radeon 740M,3506,0.0
Quadro 7000,3505,0.0
Tesla M10,3490,2695.0
Radeon Pro 560,3475,0.0
Radeon Pro 460,3453,0.0
GRID T4-2Q,3451,0.0
Quadro M2000M,3449,213.16
GeForce GTX 870M,3449,0.0
Quadro K2200M,3441,124.95
Tesla C2050 / C2070,3428,0.0
NVIDIA A10-4Q,3425,0.0
GeForce GTX 960M,3398,1169.0
Radeon HD8970M,3369,0.0
Radeon E8870PCIe,3368,0.0
GeForce GTX 750,3361,79.99
GRID M10-1Q,3351,0.0
Radeon R9 M390X,3346,0.0
GeForce GTX 590,3341,435.0
GeForce GTX 650 Ti BOOST,3339,0.0
GRID P4-8Q,3299,0.0
Tesla K40m,3281,0.0
Quadro M1200,3273,0.0
Quadro P600,3266,212.81
GRID T4-4Q,3260,0.0
GeForce 770M,3246,176.99
Radeon R9 M470X,3244,0.0
Eng Sample: 100-000000534-40_Y,3237,0.0
Ryzen 5 6600U with Radeon Graphics,3233,0.0
Ryzen 7 5800HS with Radeon Graphics,3214,0.0
GeForce GTX 680M,3206,135.99
Radeon Ryzen 9 7900X 12-Core,3197,0.0
Radeon RX 560X,3195,0.0
Radeon R9 M290X,3190,0.0
Quadro K5100M,3189,1108.84
Radeon R9 260,3182,0.0
Tesla C2050,3176,269.99
Radeon R7 260X,3173,139.99
FirePro V7000,3162,0.0
FirePro W7170M,3162,0.0
Radeon Pro 555,3141,1049.0
Radeon Pro 455,3113,449.0
Matrox LUMA A310FP,3093,0.0
Intel G35 Express,3090,0.0
Radeon HD 7790,3090,139.99
GeForce GTX 470,3085,59.99
Radeon R7 360,3062,145.99
EIZO MED-X5000,3038,0.0
GeForce GTX 560 Ti,3035,129.99
Radeon R9 360,3032,133.89
GeForce GTX 860M,3028,114.0
Tesla C2075,3017,646.0
Radeon HD 6990,3013,498.49
FirePro W5100,2980,125.99
GRID M10-4Q,2977,0.0
FirePro W5000,2965,184.0
GRID K260Q,2949,0.0
Tesla K20Xm,2918,0.0
Ryzen 9 5900HX with Radeon Graphics,2908,0.0
Quadro K1200,2902,285.29
Quadro M1000M,2895,85.99
Radeon R7 260,2892,89.99
Ryzen 7 PRO 4700G with Radeon Graphics,2880,0.0
Eng Sample: 100-000000261-50_Y,2860,0.0
Radeon Pro V340 MxGPU,2853,0.0
Tesla C2070,2840,604.0
GRID K280Q,2840,0.0
Radeon HD 6970,2833,149.99
Quadro M620,2829,0.0
FirePro W4300,2821,239.99
FirePro 3D V9800,2812,2499.0
Ryzen 7 5700G with Radeon Graphics,2808,0.0
GeForce MX350,2807,0.0
Radeon Ryzen 7 5800H,2771,0.0
Radeon R9 M380,2770,0.0
GeForce GTX 770M,2765,138.0
Quadro K5000M,2763,508.91
Custom GPU 0405,2762,0.0
Radeon Ryzen 9 5900H,2755,0.0
Radeon Ryzen 9 7900 12-Core,2753,0.0
Radeon Ryzen 9 5980HS,2749,0.0
Ryzen 7 5800H with Radeon Graphics,2748,0.0
GeForce GTX 675MX,2744,0.0
FirePro M6100 FireGL V,2743,0.0
GRID K2,2737,4449.99
FirePro S7150,2727,1697.99
FirePro V9800,2727,474.0
Radeon Pro 450,2723,0.0
GeForce GTX 560,2721,205.0
Ryzen 9 4900H with Radeon Graphics,2714,0.0
Quadro K4000,2713,270.0
Barco MXRT 5500,2702,299.0
Radeon RX 550,2702,223.99
Quadro 6000,2701,4092.38
Radeon HD 8950,2696,0.0
Radeon Ryzen 7 5800HS,2693,0.0
GRID M10-2Q,2692,0.0
Intel Iris Xe,2690,0.0
Ryzen 7 Pro 4750G with Radeon Graphics,2682,0.0
GeForce GTX 465,2679,195.0
Radeon Eng Sample: 100-000000300-40_Y,2670,0.0
Ryzen 7 5700GE with Radeon Graphics,2656,0.0
FirePro R5000,2647,109.99
GRID P6-4A,2639,0.0
MONSTER GeForce GTX 675M,2637,0.0
Ryzen 7 PRO 7730U with Radeon Graphics,2634,0.0
Quadro K4100M,2627,261.29
Radeon HD 6950,2627,139.99
Radeon Ryzen 7 4700GE,2610,0.0
Radeon Ryzen 7 PRO 4750G,2607,0.0
GRID M10-8Q,2606,0.0
Radeon RX Vega 11 Ryzen 7 3700U,2602,0.0
Ryzen 5 5600GE with Radeon Graphics,2602,0.0
GRID T4-2B,2601,0.0
GeForce GTX 950A,2598,0.0
Radeon Ryzen 7 4700G,2597,0.0
Radeon Eng Sample: 100-000000371-40_42/18_Y,2591,0.0
GeForce GTX 950M,2583,567.0
Ryzen 5 5600G with Radeon Graphics,2575,0.0
Radeon Ryzen 9 4900H,2559,0.0
Ryzen 7 PRO 4750GE with Radeon Graphics,2550,0.0
Ryzen 7 PRO 5750GE with Radeon Graphics,2546,0.0
GRID K240Q,2541,0.0
Radeon HD 6850 X2,2534,0.0
Ryzen 9 5980HS with Radeon Graphics,2534,0.0
GeForce GTX 650 Ti,2530,93.05
FireStream 9370,2528,0.0
N18E-Q1,2525,0.0
Radeon Ryzen 5 5600GE,2520,0.0
GeForce GTX 850M,2518,0.0
Radeon Ryzen 7 PRO 7730U,2517,0.0
Radeon Pro WX 3100,2510,0.0
Radeon Ryzen 7 7730U,2502,0.0
Ryzen 5 PRO 5650G with Radeon Graphics,2501,0.0
Ryzen 7 4700GE with Radeon Graphics,2496,0.0
GeForce GT 1030,2483,110.44
Barco MXRT 5600,2466,704.0
GeForce MX330,2465,0.0
Radeon Eng Sample: 100-000000146-40_42/35_Y,2464,0.0
Ryzen 5 PRO 5650GE with Radeon Graphics,2459,0.0
FirePro 3D V8800,2438,424.99
GeForce MX250,2437,0.0
Ryzen 7 PRO 5750G with Radeon Graphics,2421,0.0
Radeon Ryzen 5 5600H,2418,0.0
Ryzen 5 Pro 4650G with Radeon Graphics,2418,0.0
Radeon Eng Sample: 100-000000262-30_Y,2416,0.0
Radeon Pro WX 3200,2414,173.22
GeForce GTX 960A,2411,0.0
Ryzen 5 5600H with Radeon Graphics,2411,0.0
Radeon Ryzen 7 5800U,2410,0.0
Radeon RX Vega 11 PRD,2402,0.0
Ryzen 7 7730U with Radeon Graphics,2400,0.0
Ryzen 5 4600G with Radeon Graphics,2389,0.0
Radeon Ryzen 7 5825U,2386,0.0
Radeon Pro WX 4150,2381,610.04
Radeon Ryzen 5 PRO 4655G,2376,0.0
Radeon Eng Sample: 100-000000285-40_Y,2365,0.0
Radeon Ryzen 7 7700X 8-Core,2363,0.0
Radeon Ryzen 5 PRO 4655GE,2362,0.0
GeForce GTX 485M,2360,0.0
FirePro W6150M,2358,0.0
Ryzen 7 5800U with Radeon Graphics,2358,0.0
Ryzen 5 7530U with Radeon Graphics,2356,0.0
Ryzen 7 4800U with Radeon Graphics,2344,0.0
P106-090,2343,0.0
Radeon RX Vega - Renoir Ryzen 3 5300U,2340,0.0
Ryzen 3 PRO 5350G with Radeon Graphics,2337,0.0
GRID M10-2B,2333,0.0
Radeon R9 M470,2331,0.0
Radeon Pro,2325,579.99
Ryzen 7 5825U with Radeon Graphics,2319,0.0
GRID M10-1B,2310,0.0
Radeon HD 5970,2308,179.99
Ryzen 5 PRO 7530U with Radeon Graphics,2307,0.0
Ryzen 5 PRO 4400G with Radeon Graphics,2306,0.0
FirePro V7900,2305,190.0
Radeon Ryzen 7 4800U,2297,0.0
Radeon Ryzen 5 4400G,2296,0.0
Radeon Ryzen 5 PRO 5650G,2296,0.0
Radeon Ryzen 7 PRO 4750GE,2294,0.0
Radeon Ryzen 5 PRO 5650GE,2287,0.0
Radeon Ryzen 7 5700U,2285,0.0
Radeon Ryzen 7 Microsoft Surface Edition,2281,0.0
Radeon RX 550X,2281,0.0
FirePro V8800,2281,198.0
Radeon RX Vega Ryzen 5 5500U,2280,0.0
GeForce MX150,2277,59.29
Quadro K3100M,2273,399.95
Radeon Ryzen 7 5800HS Creator Edition,2271,0.0
Radeon HD 6970M,2270,215.99
Radeon R7 250X,2269,194.0
Ryzen 7 PRO 5850U with Radeon Graphics,2266,0.0
Intel HD 5600,2264,0.0
GeForce GTX 460,2253,89.99
Ryzen 5 4600H with Radeon Graphics,2252,0.0
Ryzen 3 4300GE with Radeon Graphics,2252,0.0
Ryzen 7 5700U with Radeon Graphics,2247,0.0
Intel UHD Graphics P630,2241,0.0
Quadro K620,2240,2029.99
Ryzen 3 PRO 5350GE with Radeon Graphics,2234,0.0
Intel Iris Pro P580,2231,0.0
Ryzen 7 Extreme Edition,2227,0.0
GRID P100-1B,2223,0.0
Radeon HD 6870,2216,275.0
Radeon Ryzen 5 7530U,2216,0.0
Radeon HD 5870,2215,295.0
Ryzen 7 4700G with Radeon Graphics,2187,0.0
Ryzen 5 5600U with Radeon Graphics,2182,0.0
Ryzen 3 Pro 4350G with Radeon Graphics,2173,0.0
Radeon HD 7770,2170,300.0
Radeon Ryzen 5 5625U,2167,0.0
FirePro M6100,2165,0.0
Radeon RX Vega 11 Ryzen 5 3400G,2161,0.0
GeForce GTX 745,2149,284.95
Quadro M600M,2146,251.99
Radeon Ryzen 7 4850U Mobile,2138,0.0
RadeonT RX Vega 11,2131,0.0
Radeon Ryzen 3 PRO 7330U,2126,0.0
Radeon RX Vega 11,2122,1002.0
Radeon Ryzen 5 5500U,2122,0.0
Ryzen 5 5560U with Radeon Graphics,2114,0.0
Ryzen 7 4800H with Radeon Graphics,2113,0.0
GeForce 945M,2108,0.0
Radeon TM R9 A360,2105,0.0
Quadro P520,2104,1499.0
FirePro M5100,2103,0.0
Radeon Ryzen 5 5600U,2094,0.0
Ryzen 5 PRO 4650GE with Radeon Graphics,2092,0.0
Radeon Ryzen 5 Microsoft Surface Edition,2085,0.0
Radeon Ryzen 5 PRO 4500U,2078,0.0
GeForce GTX 580M,2074,248.68
GRID M6-1Q,2069,0.0
Ryzen 7 PRO 5875U with Radeon Graphics,2067,0.0
Ryzen 5 PRO 5650U with Radeon Graphics,2061,0.0
Radeon R9 M385,2061,0.0
Quadro 5000M,2060,0.0
Radeon RX Vega 11 Ryzen 5 3400GE,2057,0.0
Radeon Ryzen 7 4700U,2055,0.0
Radeon Ryzen 7 PRO 4750U,2043,0.0
Ryzen 3 4300G with Radeon Graphics,2040,0.0
Ryzen 7 4700U with Radeon Graphics,2034,0.0
Ryzen 7 PRO 4750U with Radeon Graphics,2030,0.0
FirePro V7800,2028,190.0
Radeon R9 350,2019,299.0
GeForce GTX 460 SE,2011,159.99
Radeon Pro W5500M,2010,0.0
Ryzen 5 5500U with Radeon Graphics,2008,0.0
Ryzen 5 PRO 4500U with Radeon Graphics,2008,0.0
GeForce GT 645,2006,0.0
Radeon Ryzen 5 5560U,2006,0.0
Ryzen 3 5300GE with Radeon Graphics,2005,0.0
Radeon R9 M385X,1994,0.0
GeForce GTX 765M,1992,186.3
Ryzen 5 5625U with Radeon Graphics,1991,0.0
Radeon Ryzen 5 7600 6-Core,1988,0.0
Ryzen 3 PRO 7330U with Radeon Graphics,1985,0.0
Radeon R7 + R7 350 Dual,1982,0.0
Intel Iris Pro 580,1982,0.0
Radeon Ryzen Embedded V2718,1982,0.0
Radeon Ryzen 7 PRO 5875U,1980,0.0
Radeon HD 5850,1980,288.99
Intel Iris Xe MAX,1972,0.0
Radeon HD 6850,1971,85.0
Radeon R7 + HD 7700 Dual,1962,0.0
Radeon Vega 11 Ryzen 5 PRO 3400G,1960,0.0
Radeon HD 7660D + HD 7700 Dual,1958,0.0
GeForce GTX 470M,1953,0.0
Radeon RX 640,1952,0.0
Ryzen 3 5300G with Radeon Graphics,1941,0.0
Radeon R7 450,1939,299.0
GeForce GTX 670MX,1939,0.0
Qualcomm Adreno 8cx Gen 3,1933,0.0
Radeon Vega 8 Ryzen 3 3200G,1931,0.0
Radeon Pro WX 4130,1928,0.0
Intel Iris Xe MAX 100,1927,0.0
GeForce GTX 675M,1925,0.0
Quadro 5000,1924,804.62
Radeon RX 570X,1923,376.87
Radeon HD 7560D + 7700 Dual,1919,0.0
GeForce GTX 560 SE,1914,89.99
Quadro K4000M,1909,254.0
Matrox C680 PCIe x16,1904,0.0
Radeon HD 7700-serie,1899,0.0
RadeonT Vega 8,1894,0.0
Radeon HD 8670D + HD 7700 Dual,1892,0.0
Ryzen 5 4600U with Radeon Graphics,1885,0.0
RTX 2060,1882,0.0
Radeon RX 540,1878,0.0
Ryzen 3 PRO 4350GE with Radeon Graphics,1876,0.0
GeForce GTX 460 v2,1872,199.99
Quadro M520,1870,0.0
GeForce GTX 645,1869,0.0
FirePro 3D V7800,1867,599.99
GeForce GTX 570M,1864,0.0
GeForce MX130,1863,0.0
Radeon Eng Sample: 100-000000287-40_Y,1862,0.0
Radeon RX Vega 11 Ryzen 7 3750H,1856,0.0
GeForce 945A,1852,0.0
Intel UHD Graphics 770,1846,0.0
Radeon Ryzen Embedded V2748,1842,0.0
Radeon R9 M360,1840,0.0
FirePro M5100 FireGL V,1839,0.0
GRID M60-0B,1838,0.0
GeForce MX230,1836,0.0
Radeon HD 8570D + HD 7700 Dual,1835,0.0
Radeon Vega 11 Ryzen 5 PRO 3400GE w/,1829,0.0
Radeon RX Vega 11 Processor,1829,0.0
MxGPU,1826,0.0
Radeon Vega 11,1824,0.0
Radeon RX Vega 10 Ryzen 7 3750H,1821,0.0
FirePro M6000,1820,325.99
Intel Iris Plus,1819,0.0
Ryzen 5 4500U with Radeon Graphics,1818,0.0
Radeon Pro WX 2100,1818,0.0
Radeon Ryzen 5 PRO 5675U,1813,0.0
Matrox C900 PCIe x16,1812,0.0
Embedded Radeon E9173,1807,0.0
Radeon HD 8870M / R9 M270X / M370X,1800,0.0
Ryzen 3 PRO 4200G with Radeon Graphics,1799,0.0
Radeon Ryzen 5 4600GE with Radeon Graphics,1793,0.0
Radeon HD 8670D + 7700 Dual,1789,0.0
Radeon Vega 11 Ryzen 5 PRO 3350G,1783,0.0
Radeon Ryzen 3 PRO 5450U,1782,0.0
Radeon RX Vega 10 Ryzen 5 3500U,1778,0.0
Radeon 550,1772,74.99
Quadro 5010M,1772,235.95
Radeon R9 M375X,1771,0.0
PCI\VEN_1002&DEV_164E&SUBSYS_D0001458&REV_C6 Ryzen,1769,0.0
PCI\VEN_1002&DEV_164E&SUBSYS_D0001458&REV_C7 Ryzen,1767,0.0
Ryzen 3 7330U with Radeon Graphics,1759,0.0
GeForce GTX 650,1753,109.98
FirePro M6000 Mobility Pro,1750,0.0
Radeon Ryzen 5 PRO 7645 6-Core,1749,0.0
Ryzen 3 PRO 4200GE with Radeon Graphics,1748,0.0
Radeon Ryzen Embedded R2544,1748,0.0
Intel Iris Plus 655,1745,0.0
Intel UHD Graphics 750,1742,0.0
Radeon Vega 8 Ryzen 3 PRO 3200G,1741,0.0
Firepro W5170M,1733,0.0
Ryzen 5 PRO 5675U with Radeon Graphics,1733,0.0
Radeon Ryzen 9 PRO 7945 12-Core,1731,0.0
Radeon HD 5830,1730,258.99
Intel Iris Plus 645,1727,0.0
Intel UHD Graphics P750,1727,0.0
Radeon Ryzen 5 7600X 6-Core,1725,0.0
Radeon Ryzen 3 7330U,1724,0.0
Radeon Vega 8 Ryzen 3 3200GE,1722,0.0
Ryzen 5 PRO 4650U with Radeon Graphics,1719,0.0
GeForce GTX 670M,1718,0.0
GeForce GTX 760M,1710,0.0
Radeon Ryzen 7 7700 8-Core,1708,0.0
Radeon HD 6900M,1703,0.0
Radeon HD 7750,1698,129.99
Radeon Ryzen 7 7800X3D 8-Core,1697,0.0
Radeon E8860,1686,0.0
Radeon Eng Sample: 100-000000263-30_Y,1684,0.0
PCI\VEN_1002&DEV_164E&SUBSYS_D0001458&REV_C2 Ryzen,1681,0.0
Ryzen 3 5425U with Radeon Graphics,1677,0.0
Radeon Vega 8 Ryzen 5 3550H,1673,0.0
Radeon R7 M380,1669,0.0
GeForce GT 755M,1664,0.0
FirePro W600,1662,414.99
PCI\VEN_1002&DEV_164E&SUBSYS_D0001458&REV_C3 Ryzen,1654,0.0
Radeon HD HD7850M,1652,0.0
Radeon RX Vega 10,1646,0.0
Quadro K3000M,1646,407.56
Radeon HD 8870M,1638,0.0
Intel UHD Graphics 730,1629,0.0
FirePro M4000 Mobility Pro,1628,0.0
Intel Iris Pro P6300,1626,0.0
Ryzen 3 5400U with Radeon Graphics,1625,0.0
Radeon R7 M465X,1624,0.0
Radeon Vega 8 Ryzen 3 PRO 3200GE w/,1622,0.0
Ryzen 7 2700U with Radeon Vega,1617,0.0
GeForce GTX 480M,1617,0.0
FirePro M4000,1612,72.83
Radeon Ryzen 9 7950X3D 16-Core,1611,0.0
Radeon HD 6790,1606,294.0
Radeon RX Vega11,1605,0.0
Seria Radeon HD 7700,1604,0.0
Quadro P500,1603,0.0
Ryzen 3 PRO 5450U with Radeon Graphics,1601,0.0
Quadro P400,1601,201.17
Radeon Vega 10 Ryzen 7 PRO 3700U w/,1598,0.0
Radeon Ryzen 3 5425U,1597,0.0
Intel Iris Plus 650,1585,0.0
Radeon RX Vega 10 Ryzen 7 PRO 3700U w/,1585,0.0
Radeon Vega 8,1585,126.86
Radeon Vega 9,1582,0.0
Radeon Ryzen 3 5300U,1578,0.0
Quadro K2000D,1577,339.99
Radeon R9 M275X / M375,1575,0.0
Radeon Athlon Gold PRO 4150GE,1574,0.0
Radeon RX Vega 11 Ryzen 5 3350G,1572,0.0
GeForce GTX 555,1572,0.0
Quadro K2000,1570,294.0
Radeon Vega 10,1568,0.0
Radeon HD 7560D + HD 6670 Dual,1555,0.0
FirePro W4100,1546,184.0
Radeon HD 8470D + HD 7500 Dual,1545,0.0
Ryzen 3 5300U with Radeon Graphics,1545,0.0
Ryzen 3 PRO 4300U with Radeon Graphics,1543,0.0
Ryzen 3 PRO 4450U with Radeon Graphics,1541,0.0
GeForce GTX 550 Ti,1540,99.99
FirePro V8700,1539,157.88
Radeon R9 M275X,1537,0.0
Radeon Ryzen Embedded V2516,1528,0.0
Radeon Vega 6 Ryzen 3 3350U,1527,0.0
Radeon R9 M370X,1517,889.0
GeForce GTX 285,1516,119.99
Radeon HD 4890,1514,89.99
Radeon RX Vega 10 Ryzen 7 3700U,1513,0.0
GeForce 940MX,1510,0.0
Radeon HD 7870M,1507,0.0
GeForce 845M,1507,0.0
Ryzen 5 2500U with Radeon Vega,1503,0.0
Radeon 550X,1494,0.0
Radeon HD 6670 + 7660D Dual,1492,0.0
GeForce GT 740,1491,236.99
Radeon RX Vega 8,1487,0.0
Radeon Ryzen 7 PRO 7745 8-Core,1487,0.0
Radeon HD 7660D + HD 6670 Dual,1485,0.0
Radeon R9 M365X,1482,0.0
Radeon Vega 10 Mobile,1481,0.0
Quadro 4000,1479,1008.09
Radeon R7 FX-9830P RADEON,1476,0.0
Intel UHD Graphics,1475,0.0
Radeon R9 255,1457,344.16
GeForce MX110,1452,0.0
Intel Iris Pro Graphics 6200,1450,0.0
GeForce GTX 660M,1444,78.99
Ryzen 5 PRO 4400GE with Radeon Graphics,1442,0.0
Radeon Eng Sample: 100-000000085-40_35/24_Y,1441,0.0
Radeon HD 8470D + HD 6670 Dual,1436,0.0
Radeon Vega 9 Ryzen 5 Microsoft Surface Edition,1435,0.0
Radeon Vega 6 Ryzen 3 PRO 3300U w/,1433,0.0
Intel Iris 650,1433,0.0
Ryzen 3 PRO 5475U with Radeon Graphics,1432,0.0
Radeon Ryzen 3 PRO 4355GE,1432,0.0
GeForce GTX 275,1427,431.72
Radeon HD 7560D + 7670 Dual,1426,0.0
Radeon R7 M370,1418,0.0
Radeon Vega 8 Mobile,1414,0.0
Intel Iris 550,1412,0.0
Radeon Vega 8 Ryzen 5 3500U,1411,0.0
Radeon Pro WX 4170,1409,0.0
Radeon Vega 8 Ryzen 5 PRO 3500U w/,1405,0.0
Radeon 540X,1402,0.0
Radeon Ryzen 7 3700U,1401,0.0
FirePro W5130M,1396,0.0
Radeon HD 7560D + HD 7670 Dual,1380,0.0
Radeon HD 7850M,1373,0.0
Radeon HD 4870,1366,79.99
FirePro M40003,1364,0.0
Radeon HD 8670D + 6670 Dual,1361,0.0
Quadro K2100M,1361,415.99
Radeon RX Vega11 Ryzen 7 Microsoft Surface Edition,1357,0.0
Ryzen 3 4300U with Radeon Graphics,1349,0.0
Radeon HD 7560D + HD 7700 Dual,1347,0.0
Intel Iris Plus 640,1345,0.0
Radeon 540,1344,0.0
Radeon HD 5770,1344,189.99
FireStream 9270,1341,0.0
Radeon Vega 3 Athlon Gold 3150G,1334,0.0
Quadro 4000M,1324,232.06
Radeon HD 8670D + HD 7600 Dual,1318,0.0
GeForce GT 750M,1317,0.0
FirePro M5950,1314,0.0
GeForce GTS 450,1314,79.99
Radeon R7 PRO A8-8670E,1310,0.0
Radeon HD 4870 X2,1309,0.0
GeForce 930A,1309,0.0
Radeon Vega 6,1309,1799.99
Tesla M2070-Q,1306,0.0
Radeon HD 8790M,1306,0.0
Radeon Vega 6 Ryzen 3 3300U,1301,0.0
TENSOR 1.0 Driver Intel HD 630,1300,0.0
GeForce GTX 280,1299,522.78
GeForce 930MX,1298,0.0
"Radeon R7 PRO A6-9500 R5, 8 COMPUTE CORES 2C+6G",1293,0.0
Radeon Vega 9 Ryzen 5 3550H,1287,0.0
Radeon R7 A370,1281,0.0
FirePro 3D V8750,1272,1230.99
FirePro V5900,1270,86.0
Radeon HD 8570D + HD 6670 Dual,1261,0.0
Radeon HD 7560D + HD 7600 Dual,1258,0.0
Radeon Vega 8 Ryzen 5 3450U,1254,0.0
Intel UHD Graphics 630,1249,0.0
Intel Iris 540,1248,0.0
Radeon HD 6770,1247,264.99
Radeon 630,1245,0.0
Quadro 2000 D,1239,0.0
Radeon HD 8570D + 6570 Dual,1239,0.0
Radeon HD 7660D + 6670 Dual,1238,0.0
Radeon HD 7560D + HD 6570 Dual,1237,0.0
Radeon R7 + R5 340 Dual,1235,0.0
Radeon R7 + R7 250 Dual,1232,0.0
GeForce GTX 460M,1232,0.0
FirePro 3D V5800,1232,204.0
GeForce GT 745A,1230,0.0
GeForce GTX 260,1230,79.99
GeForce GTX 760A,1226,0.0
RadeonT 610M,1225,0.0
GeForce GTX 560M,1222,0.0
Radeon HD 8670D + HD 6670 Dual,1222,0.0
Quadro FX 5800,1217,274.0
Radeon HD 8790M / R9 M290X,1211,0.0
Radeon HD 7730,1209,232.7
GeForce GT 650M,1209,0.0
FirePro 3D V8700,1206,170.07
N16P-GX,1205,0.0
Radeon HD 7660D + 7540D Dual,1204,0.0
Radeon R9 M270X,1204,0.0
Intel Iris Pro 5200,1202,0.0
GeForce GTX 295,1202,159.99
GeForce GPU,1199,0.0
Radeon HD 7750M,1191,0.0
Radeon R7 +8G,1191,0.0
Intel HD P630,1184,0.0
GeForce 840A,1180,0.0
GeForce GT 640,1179,109.99
FirePro V5800,1176,53.0
Quadro M500M,1174,0.0
Firepro W4190M,1171,0.0
Radeon R7 Opteron X3421,1169,0.0
FireStream 9250,1165,0.0
Quadro K620M,1162,0.0
NVS 810,1161,624.99
Radeon HD 5750,1161,69.99
Barco MXRT 5400,1161,203.0
Intel Coffee Lake UHD,1158,0.0
Radeon R7 M465,1157,0.0
Intel HD P530,1154,0.0
Radeon Ryzen 9 7900X3D 12-Core,1147,0.0
Radeon R7 A8-7690K,1141,0.0
Radeon HD 8850M / R9 M265X,1140,0.0
GeForce 830A,1138,0.0
Radeon R7 M350,1134,0.0
Radeon HD 4850 X2,1132,0.0
Radeon HD 7560D + 6670 Dual,1131,0.0
Radeon R7 A10-7870K,1129,0.0
Radeon HD 8650G + 7700M Dual,1126,0.0
Radeon HD 7660D + 7500 Dual,1121,0.0
GeForce 940M,1121,0.0
Radeon 625,1119,0.0
FirePro M4170,1119,0.0
Radeon R7 A12-9800 RADEON,1118,0.0
Radeon R9 M265X,1118,0.0
Radeon R7 M460,1117,0.0
Radeon R9 M275,1115,699.99
Radeon R7 430,1111,150.58
Radeon R7 A10-9700E RADEON,1109,0.0
Intel HD 630,1109,0.0
Radeon 610M,1107,0.0
GeForce 940A,1107,0.0
GeForce GT 545,1102,55.59
Radeon HD 7660D + 6570 Dual,1100,0.0
Quadro 2100M,1100,0.0
GeForce GT 745M,1096,0.0
Radeon R5 PRO A6-9500 2C+6G,1096,0.0
Mobility Radeon HD 5870,1093,0.0
GeForce GTX 850M - MODDED,1092,0.0
Quadro K1100M,1085,322.99
GeForce 920MX,1084,0.0
Radeon R7 250,1083,189.97
GeForce 840M,1082,0.0
MIRRORV3,1081,0.0
Barco MXRT 5450,1079,199.99
Radeon R7 + R7 200 Dual,1077,0.0
Intel UHD Graphics 710,1077,0.0
Radeon 535,1072,0.0
Radeon HD 8450G + 8600/8700M Dual,1070,0.0
Radeon Ryzen 5 3450U,1063,0.0
Radeon HD 7660D + 7670 Dual,1062,0.0
Radeon Ryzen Embedded R2514,1061,0.0
Radeon HD 7520G + 7700M Dual,1061,0.0
Firepro M4100,1059,0.0
FirePro W4170M,1057,0.0
OPAL XT/GL,1053,0.0
Radeon HD 7670A,1050,0.0
GeForce GTX 850A,1050,0.0
Radeon R7 A12-9730P RADEON,1047,0.0
Radeon R7 + R7 240 Dual,1045,0.0
Radeon Vega 3 Athlon 300GE,1044,0.0
Intel UHD Graphics 620,1041,0.0
Radeon HD 8570D + 6670 Dual,1040,0.0
Radeon HD 6750,1035,79.99
Radeon HD 8570D + HD 8570 Dual,1033,0.0
Radeon HD 8600/8700M,1030,0.0
Radeon R7 + R5 330 Dual,1028,0.0
Radeon R7 340,1027,0.0
Radeon Vega 3 Mobile,1025,0.0
Radeon R9 A375,1024,0.0
Radeon HD 8670D + R7 240 Dual,1020,0.0
Radeon Vega 3 Athlon 3000G,1019,0.0
Quadro 3000M,1019,69.99
Radeon HD 6700M,1017,0.0
Quadro K2000M,1016,144.04
Radeon R5 A6-9500E 2C+4G,1015,0.0
Radeon RX Vega 6,1015,0.0
GeForce 930M,1012,0.0
Radeon HD 7690M XT,1009,0.0
Radeon R7 M260X,1009,0.0
Radeon 530,1008,0.0
GeForce 830M,1007,0.0
Radeon HD 7690M,1003,0.0
Radeon HD 7660G + HD 7500/7600 7500/7600 Dual,1002,0.0
Radeon HD 8570D + R7 200 Dual,999,0.0
Radeon HD 7660G + HD 7500M/7600M Dual,999,0.0
Radeon HD 7640G + HD 8750M Dual,997,0.0
Intel HD 530,996,0.0
Radeon R7 A265,994,0.0
Quadro FX 4800,991,204.0
Radeon HD 7560D + 7570 Dual,985,0.0
"Radeon R5 PRO A6-8570 R5, 8 COMPUTE CORES 2C+6G",985,0.0
Radeon HD 8690M,984,0.0
FirePro V4900,984,149.99
Radeon R5 340,984,0.0
Radeon HD 7560D + 7560D Dual,983,0.0
Radeon R7 A10-7850K,979,0.0
Radeon R5 A10-9630P 4C+6G,977,0.0
Quadro 2000D,974,140.0
Radeon HD 8670D + 8570 Dual,974,0.0
Radeon HD 8850M,973,0.0
Qualcomm Adreno 690 GPU,973,0.0
Radeon R6 A10-9600P 4C+6G,970,0.0
Radeon R7 PRO A10-9700E,967,529.0
Radeon HD 7660G N HD 7660G + HD 7700M N HD 7700M D,967,0.0
Radeon HD 6770M,964,0.0
Radeon HD 8570D + R7 240 Dual,964,0.0
Radeon HD 8750M,963,0.0
Radeon R7 M270DX,962,0.0
Radeon HD 8570,961,98.68
TENSOR 1.0 Driver Intel HD 530,958,0.0
Radeon R9 M375,957,0.0
Radeon R6 Opteron X3418,955,0.0
Radeon HD 8670D + R7 200 Dual,950,0.0
Radeon HD 8570 + HD 7660D Dual,949,0.0
Quadro CX,947,149.95
Quadro 2000,946,213.23
Radeon R7 PRO A12-8870E,946,0.0
Radeon HD 6670/7670,946,0.0
Radeon HD 7640G + 7690M Dual,946,0.0
Radeon R7 M445,946,744.0
Radeon R7 PRO A10-8850B,945,0.0
zxcvIntel HD 620,944,0.0
Radeon R7 PRO A12-9800E,943,0.0
Radeon HD 7660D + R7 240 Dual,942,0.0
Radeon HD 4850,939,378.0
Radeon R5 430,937,59.0
Radeon HD 6750M,937,0.0
Radeon HD 7560D + HD 8570 Dual,936,0.0
Radeon R7 PRO A12-9800,933,0.0
Radeon HD 7660G + 7730M Dual,931,0.0
Radeon R7 240 + HD 8670D Dual,930,0.0
FirePro M4150,929,0.0
Intel HD Graphics 620,927,0.0
"Radeon R5 A6-9500 RADEON R5, 8 COMPUTE CORES 2C+6G",926,0.0
Intel Iris Pro 6100,925,0.0
GeForce GT 645M,925,0.0
Radeon R7 A10-9700 RADEON,924,0.0
Radeon R7 A10-7860K,923,0.0
GeForce GT 640M,922,0.0
Radeon Vega 3 Athlon Gold PRO 3150GE,920,0.0
Radeon R7 240 + HD 8570D Dual,918,0.0
Intel Iris 6100,914,0.0
GRID M10-0Q,914,0.0
Radeon R7 A8-8650,913,0.0
GRID K220Q,912,0.0
GRID M6-0B,912,0.0
Radeon 6750M,911,0.0
Radeon R7 A8-7500,908,0.0
GRID P40-6Q,905,0.0
Radeon R7 PRO A12-8870,905,0.0
Radeon HD 8550G + 7600M Dual,901,0.0
Barco MXRT 7400,901,99.0
Barco MXRT 2600,900,199.0
Radeon R7 PRO A10-8770,900,0.0
Radeon R7 + R5 Dual,898,0.0
Radeon R7 M440,898,0.0
Radeon 620,897,0.0
Radeon HD 4770,895,59.99
7900 MOD - Radeon HD 6550D,893,0.0
Qualcomm Adreno 685 GPU,893,0.0
Intel UHD Graphics 617,893,0.0
Radeon Vega 3,892,2677.99
Radeon R7 A12-9800E RADEON,892,139.19
Radeon R7 240,892,109.99
FirePro W2100,890,59.0
Radeon R7 + R5 435 Dual A10-9700 RADEON,886,0.0
Radeon Vega 3 Athlon 300U,884,0.0
Radeon HD 8650G + 7670M Dual,884,0.0
Radeon R7 A10 PRO-7850B,882,0.0
Radeon HD 7660G + HD 7730M Dual,882,0.0
Radeon E6760,877,239.99
Radeon R7 PRO A8-9600,874,0.0
Intel HD 520,871,0.0
Radeon R7 G,870,0.0
Radeon HD 8570D + HD 6570 Dual,868,0.0
Mobility Radeon HD 4850,866,0.0
Radeon HD 8470D + HD 6450 Dual,863,0.0
Intel HD 6000,859,0.0
Radeon 520,859,89.99
Radeon Vega 3 Athlon Silver 3050U,856,0.0
Radeon HD 8550G + HD 7600M Dual,855,0.0
FirePro 3D V4800,854,159.99
Radeon R5 A6-9500 2C+6G,853,0.0
Radeon R7 A8-7500 4C+6G,853,0.0
Radeon HD 8500M/8700M,853,0.0
Radeon Vega 3 Ryzen 3 3200U,851,0.0
Radeon R7 A10-7890K,850,0.0
GeForce 920A,850,0.0
Radeon R7 A8-7670K,849,0.0
Radeon R5 PRO A6-8570 2C+6G,847,0.0
Radeon R7 A10-8750,844,0.0
Radeon R5 435,841,0.0
FireGL V8600,839,0.0
Radeon HD 8470D + 6570 Dual,838,0.0
Radeon HD 8670D + R5 235 Dual,837,0.0
Radeon HD 4830,836,59.99
Radeon HD 6650A,836,0.0
Radeon R7 A10 PRO-7800B,835,0.0
GeForce GT 635,834,66.94
Radeon HD 7560D + 6570 Dual,833,0.0
Radeon R7 A8-9600 RADEON,833,0.0
"Radeon R5 PRO A6-9500 R5, 8 COMPUTE CORES 2C+6G",833,0.0
Radeon HD 7520G + HD 7500/7600 Dual,832,0.0
Radeon HD 8650G + 8600/8700M Dual,832,0.0
Radeon HD 7660G + 7600M Dual,832,0.0
GeForce GT 730,831,109.99
Intel HD 5200,830,0.0
Radeon R7 FX-8800P,830,0.0
GRID M60-0Q,827,0.0
Radeon R7 PRO A10-8770E,827,0.0
"Radeon R5 A10-9630P RADEON R5, 10 COMPUTE CORES 4C",825,0.0
Radeon HD 7640G N HD 7640G + HD 7600M N HD 7600M D,824,0.0
Radeon HD 3850 X2,822,0.0
Radeon HD 7540D + 7500 Dual,822,0.0
Radeon R7 A8-7680,821,0.0
Radeon HD 7670,821,0.0
Radeon HD 8650G + HD 7600M Dual,820,0.0
Radeon HD 8550G + HD 8750M Dual,819,0.0
Radeon R7 M260DX,817,0.0
Radeon R7 A10 Extreme Edition,816,0.0
GeForce GT 730M,815,0.0
Radeon R9 M280X,814,0.0
Radeon HD 8670D + 7000 Dual,812,0.0
GeForce GT 445M,811,0.0
Radeon Ryzen 3 3250U,808,0.0
Radeon 535DX,807,0.0
Mi Pad 5 Adreno 640 GPU,806,0.0
Radeon R7 PRO A10-9700,806,0.0
Radeon Vega 3 Ryzen 3 3250U,805,0.0
Radeon HD 8550G + 8600/8700M Dual,803,0.0
Radeon R5 M435,802,0.0
"Radeon R5 PRO A6-8570E R5, 6 COMPUTE CORES 2C+4G",800,0.0
Radeon HD 8650G + HD 8790M Dual,800,0.0
Quadro FX 3800,799,259.13
Radeon HD 6800M,799,0.0
GeForce 9800 GX2,798,195.0
Radeon HD 8650G N HD 8650G + HD 8600/8700M Dual,796,0.0
Radeon HD 5670,796,67.0
Radeon HD 8550G + 8750M Dual,796,0.0
Radeon R8 M445DX,796,0.0
GeForce GT 740M,791,0.0
Radeon R7 A10-7700K,788,0.0
A40-6Q,787,0.0
Radeon HD 8650G + 8750M Dual,787,0.0
Quadro K1000M,786,69.95
Radeon R7 A8-7600,784,0.0
GeForce 825M,784,0.0
Quadro 2000M,783,229.74
Radeon R7 PRO A6-9500 2C+6G,781,0.0
Radeon R7 A365,781,0.0
Radeon RX Vega 6 Ryzen 3 3200U,781,0.0
Radeon HD 8650G + HD 8750M Dual,779,0.0
Radeon HD 7660G + HD 7700M Dual,777,0.0
Radeon HD 7640G + 7500M/7600M Dual,776,0.0
Radeon HD 7600M + 7600M Dual,773,0.0
Radeon HD 8650G N HD 8650G + HD 8570M Dual,773,0.0
Mobility Radeon HD 5000,773,0.0
Radeon R7 A10-8850,773,0.0
GeForce GT 440,773,225.0
GeForce 730A,772,0.0
Radeon Vega 3 Ryzen Embedded R1505G,772,0.0
Radeon R5 PRO A6-9500E 2C+4G,771,0.0
Radeon HD 4810,769,0.0
GeForce 9800 GTX,769,74.99
Radeon R7 M365X,768,0.0
Radeon R7 PRO A10-8750B,768,0.0
Radeon R7 M270,767,0.0
Radeon HD 8650G + HD 8600/8700M Dual,764,0.0
Mobility Radeon HD 5850,763,0.0
Radeon HD 6450 + 8470D Dual,763,0.0
Radeon HD 7660G + HD 7500/7600 Dual,760,0.0
Quadro K420,760,269.0
Radeon HD 7660G + HD 8500M Dual,758,0.0
Radeon HD 8650G + HD 8600M N HD 8600M Dual,758,0.0
Radeon HD 7660G + 7700M Dual,757,0.0
Quadro 1100M,755,0.0
Radeon HD 7640G + 7450M Dual,754,0.0
Radeon HD 6650M,754,0.0
Radeon HD 8570D + HD 7000 Dual,753,0.0
Intel UHD Graphics 615,753,0.0
IncrediblE HD 4600,750,0.0
Radeon HD 7730M,750,0.0
Radeon M535DX,750,0.0
Radeon HD 7640G + 7650M Dual,747,0.0
Radeon HD 8730M,747,0.0
Radeon HD 7660G + HD 8600/8700M Dual,747,0.0
Radeon HD 8670D + R5 330 Dual,746,0.0
Radeon HD 7660G + 7610M Dual,746,0.0
Quadro K600,745,60.24
Intel Iris 5100,744,0.0
Radeon R5 235 + HD 7560D Dual,744,0.0
Radeon HD 7660G + 7670M Dual,743,0.0
GeForce GT 730A,743,0.0
Radeon HD 8650G + 7600M Dual,742,0.0
Radeon R7 A12-9720P RADEON,742,365.48
Radeon R7 A12-9700P RADEON,741,435.92
Radeon R7 FX-9800P RADEON,740,530.0
Intel Poison Ivy,739,0.0
GeForce GT 340,738,52.99
Radeon HD 7670M + 7670M Dual,738,0.0
Radeon R5 235 + HD 8570D Dual,738,0.0
Radeon R5 A10-9620P 4C+6G,732,0.0
Radeon R7 PRO A8-8650B,729,0.0
Radeon HD 6670,729,68.99
Radeon HD 7550M/7650M,729,0.0
GRID K140Q,728,0.0
GeForce 920M,727,0.0
Radeon R7 A8-7650K,726,0.0
Intel HD 615,725,0.0
Radeon HD 7660G N HD 7660G + HD 7600M N HD 7600M D,723,0.0
Radeon HD 8650G + R5 M200 Dual,723,0.0
Asus GTX 650 FML II EC-EGPU,721,0.0
Mobility Radeon HD 4870,720,0.0
Quadro K610M,720,240.0
Radeon HD 7540D + 6570 Dual,720,0.0
Radeon R7 A10-7800,719,0.0
Radeon HD 8670D + HD 7000 Dual,719,0.0
Intel UHD Graphics 610,718,0.0
Radeon HD 8470D + 6450 Dual,717,0.0
"Radeon R5 A10-9600P RADEON R5, 10 COMPUTE CORES 4C",717,0.0
Radeon Athlon Gold 3150U,716,0.0
Radeon HD 8650G + HD 8570M Dual,716,0.0
Radeon Vega 3 Athlon 320GE,715,0.0
"Radeon R5 A6-9500E RADEON R5, 6 COMPUTE CORES 2C+4",712,0.0
Radeon HD 7660G + HD 8670M Dual,711,0.0
Radeon HD 3870 X2,709,0.0
Radeon HD 6550A,708,0.0
Radeon HD 7660G + HD 7670M Dual,707,0.0
NVS 510,707,143.26
Radeon HD 7640G + 7600M Dual,706,0.0
Radeon HD 7660G N HD 7660G + HD 7670M Dual,705,0.0
Radeon HD 7640G + HD 7600M Dual,704,0.0
Radeon R7 PRO A12-9800B,702,0.0
TRINITY DEVASTATOR MOBILE,699,0.0
Radeon HD 7570M/HD 7670M,699,0.0
Radeon R5 PRO A10-8730B 4C+6G,695,0.0
Intel HD 610,693,0.0
Radeon R5 PRO A6-9500B 2C+4G,693,0.0
Radeon HD 7640G + 7700M Dual,691,0.0
Radeon R5 PRO A6-8530B 2C+4G,690,0.0
Radeon HD 7640G + 8600/8700M Dual,689,0.0
Radeon Athlon Silver 3050U,687,0.0
"Radeon R5 A10-9620P RADEON R5, 10 COMPUTE CORES 4C",687,0.0
Radeon HD 8650G + R5 M230 Dual,686,0.0
Radeon HD 6630M,685,0.0
Radeon R5 A6-7480,684,0.0
GeForce GT 630,681,147.01
GRID P40-3Q,681,0.0
GeForce GT 640M LE,680,849.99
Radeon HD 8650G N HD 8650G + HD 8600M N HD 8600M D,680,0.0
Radeon HD 7640G N HD 7640G + HD 7670M Dual,680,0.0
GeForce GTS 160M,679,0.0
GeForce GT 530,678,49.0
Radeon HD 7640G + HD 8670M Dual,677,0.0
Radeon HD 8610G + R5 M200 Dual,676,0.0
Quadro FX 4700 X2,676,0.0
Radeon R8 M535DX,670,0.0
Radeon R7 PRO A10-9700B,670,0.0
GeForce GT 740A,668,0.0
Radeon R7 A8 PRO-7600B,666,0.0
Radeon HD 7640G + HD 8500M N HD 8500M Dual,666,0.0
FirePro M7740,665,0.0
GeForce GT 555M,665,177.2
Radeon HD 8550G + 8690M Dual,664,0.0
Radeon R7 M340,663,0.0
FireGL V7700,660,69.99
Radeon HD 2900 XT,660,0.0
Radeon R5 PRO A8-9600B 4C+6G,659,0.0
GeForce GT 140,658,0.0
GeForce GTS 360M,656,0.0
Radeon HD 7640G + 8750M Dual,655,0.0
Radeon HD 8550G + HD 8600/8700M Dual,655,0.0
Radeon HD 8650G + 8570M Dual,654,0.0
Radeon HD 7520G + HD 8750M Dual,651,0.0
GRID K1,651,395.0
GeForce GTX 285M,650,0.0
SUMO 9640,650,0.0
Radeon R5 M430,649,0.0
FireStream 9170,647,0.0
Radeon HD 6670 + 6670 Dual,647,0.0
Radeon HD 5600/5700,647,0.0
FirePro V3900,646,238.44
Radeon HD 8610G + HD 8500M Dual,646,0.0
Radeon HD 7640G + 7670M Dual,645,0.0
Radeon HD 7540D + HD 6450 Dual,643,0.0
GeForce 8800 Ultra,643,0.0
Radeon R5 PRO A6-8570E 2C+4G,638,0.0
Radeon HD 7640G + 7400M Dual,637,0.0
Radeon HD 8450G + 8750M Dual,637,0.0
GeForce 9800 S,636,0.0
Qualcomm Adreno 680 GPU,636,0.0
Radeon HD 8650G + 8670M Dual,635,0.0
Intel HD P4600/P4700,635,0.0
Radeon HD 8650G + HD 7670M Dual,634,0.0
Radeon HD 7660D + HD 7000 Dual,634,0.0
Radeon HD 7610M,632,0.0
GeForce GT 710,631,249.99
"Radeon R5 PRO A10-8730B R5, 10 COMPUTE CORES 4C+6G",631,0.0
NVS 5400M,631,0.0
Radeon HD 7640G + HD 7700M N HD 7700M Dual,631,0.0
Radeon HD 7660G + 7470M Dual,631,0.0
Intel HD 515,631,0.0
Radeon R7 A360,630,0.0
Radeon HD 8510G + HD 8500M Dual,630,0.0
GeForce GT 735M,629,0.0
Intel HD 4600,629,0.0
GRID K160Q,628,0.0
Radeon HD 2900 PRO,628,0.0
Radeon HD 7640G + 7500/7600 Dual,627,0.0
Radeon HD 8650G + 8500M Dual,627,0.0
Intel HD 510,627,0.0
Radeon HD 7570,627,102.49
Radeon HD 7520G + HD 8600/8700M Dual,624,0.0
GeForce 810A,622,0.0
Radeon HD 7640G + HD 7400M Dual,621,0.0
Radeon HD 8570 + 8670D Dual,620,0.0
Radeon HD 8550G + R5 M200 Dual,619,0.0
Radeon R5 A10-9600P 4C+6G,619,0.0
Radeon HD 8550G + 8600M Dual,618,0.0
Radeon HD 7500G + 7500M/7600M Dual,617,0.0
FireGL V7600,616,0.0
GeForce 720A,614,0.0
Radeon R6,614,0.0
Radeon HD 8650G + 8600M Dual,613,0.0
Radeon Vega 3 Athlon Gold 3150U,613,0.0
Radeon HD 8550G N HD 8550G + HD 8600M N HD 8600M D,612,0.0
GeForce GT 720,611,99.99
7900 MOD - Radeon HD 6520G,610,0.0
Quadro K510M,610,0.0
Radeon HD 8610G + 8500M Dual,610,0.0
GeForce 9800 GTX/9800 GTX+,608,89.99
Radeon HD 7640G + HD 8500M Dual,607,0.0
Radeon HD 8650G + HD 8600M Dual,606,0.0
Quadro FX 3800M,606,0.0
Radeon R6 M255DX,605,0.0
"Radeon R5 A6-9400 RADEON R5, 6 COMPUTE CORES 2C+4G",605,0.0
Intel HD P4600,605,0.0
Radeon Vega 3 3020e,605,0.0
GeForce GTS 250,604,69.99
Radeon HD 8550G + 8500M Dual,603,0.0
GeForce GT 430,601,139.99
GeForce GT 720A,601,0.0
Radeon HD 8610G + 8670M Dual,600,0.0
Radeon R8 M365DX,600,0.0
Radeon R7 PRO A12-8800B,597,0.0
Matrox C420 LP PCIe x16,597,0.0
Radeon HD 8510G + 8500M Dual,596,0.0
Radeon R5 M330,596,0.0
Radeon HD 7640G + 7470M Dual,595,0.0
Radeon R7 PRO A12-8830B,594,0.0
Radeon HD 8550G + HD 8600M Dual,594,0.0
Surface Duo Adreno 640 GPU,592,0.0
Qualcomm Adreno 7c+ Gen 3,592,0.0
GeForce 910M,591,0.0
Radeon HD 7520G + 7600M Dual,591,0.0
"Radeon R6 PRO A8-8600B R6, 10 Compute Cores 4C+6G",590,0.0
GeForce 8800 GTX,590,119.99
Radeon HD 7640G + HD 7700M Dual,589,0.0
Radeon HD 8610G + 8600M Dual,589,0.0
Radeon HD 7520G + 7610M Dual,588,0.0
Radeon HD 7660G + 7400M Dual,588,0.0
Radeon HD 7660G + 8670M Dual,588,0.0
Radeon HD 7640G + HD 8600/8700M Dual,587,0.0
Radeon R5 A6-8500P,587,0.0
Intel HD 5500,586,0.0
Radeon HD 7640G + 8500M Dual,586,0.0
Radeon HD 8650G + HD 8670M Dual,585,0.0
GeForce GT 550M,583,0.0
Radeon R7 A8-7A8-7600,583,0.0
Radeon HD 7520G + 7500/7600 Dual,582,0.0
GeForce GT 820M,580,0.0
Radeon HD 8550G + 8670M Dual,579,0.0
Radeon HD 8450G + R5 M230 Dual,578,0.0
Radeon HD 8610G + HD 8670M Dual,578,0.0
GeForce GTS 240,577,64.99
Radeon HD 7620G + 8670M Dual,577,0.0
Intel Skylake HD DT GT2,577,0.0
Radeon R5 A240,576,0.0
GeForce GTX 280M,576,0.0
GeForce 8800 GTS 512,575,0.0
Radeon HD 7520G + HD 7700M Dual,575,0.0
Radeon R5 420,575,39.95
Radeon HD 7520G N HD 7520G + HD 7500/7600 7500/760,575,0.0
Radeon HD 8450G + HD 8670M Dual,575,0.0
Intel HD 5000,573,625.0
Intel i gfx-driver-ci-master-9938 DCH-I,573,0.0
Radeon HD 7650A,573,262.0
Quadro 1000M,571,54.5
Quadro 500M,571,275.14
Radeon R7 M360,571,0.0
Radeon R6 + R7 M265DX Dual,571,0.0
GeForce GTS 250M,569,0.0
Radeon HD 7560D + 6450 Dual,569,0.0
Radeon HD 8550D,567,0.0
GeForce GT 635M,566,0.0
Radeon HD 6610M,565,0.0
Radeon R7E,565,0.0
Radeon HD 7560D + R5 235 Dual,563,0.0
"Radeon R5 PRO A8-9600B R5, 10 COMPUTE CORES 4C+6G",562,0.0
Radeon HD 7640G + R5 M200 Dual,559,0.0
Radeon HD 6570,559,64.99
Radeon HD 8550G + HD 8500M Dual,559,0.0
Radeon HD 7640G + 8670M Dual,558,0.0
Radeon HD 7640G + 8570M Dual,558,0.0
Radeon HD 3870,557,69.99
GeForce 820A,556,0.0
Radeon Athlon PRO 3045B,555,0.0
GeForce 9800M GS,555,0.0
GF117,554,0.0
Radeon Vega 3 Athlon Silver 3050e,552,0.0
Radeon R7 7850A10-7850K,551,0.0
FireGL V8650,550,298.99
Radeon R5 M335,549,0.0
Mobility Radeon HD 3870,548,0.0
FirePro 3D V5700,547,319.99
Radeon HD 8550G + HD 8670M Dual,546,0.0
GeForce 615,546,0.0
Radeon HD 8450G + 8600M Dual,545,0.0
FirePro 3D V7750,545,350.0
Radeon HD 7520G + HD 7400M Dual,545,0.0
Radeon HD 7600G + HD 8670M Dual,544,0.0
Radeon R7 M265,543,0.0
Quadro FX 2700,543,0.0
Radeon HD 7520G + 7470M Dual,543,0.0
GeForce GT 435M,543,0.0
GeForce GT 630M,542,0.0
Qualcomm Adreno 675 GPU,540,0.0
Radeon HD 8650G,540,0.0
Mobility Radeon HD 5570,539,0.0
Radeon R6 PRO A10-8700B 4C+6G,538,0.0
Quadro 600,538,76.0
Radeon HD 7560D + HD 7000 Dual,534,0.0
Radeon R6 A10-8700P,534,0.0
GRID K180Q,534,0.0
Radeon HD 8670D,533,0.0
Radeon HD 8550G + 8570M Dual,533,0.0
Radeon R5 M255,532,0.0
"Radeon R6 PRO A10-8700B R6, 10 Compute Cores 4C+6G",532,0.0
Radeon R6 PRO A8-8600B 4C+6G,532,0.0
RADEON HD6530D,532,0.0
Radeon R5 240,530,85.0
Radeon HD 8550G + HD 8570M Dual,529,0.0
Radeon HD 7640G + 6400M Dual,527,0.0
Radeon HD 7600G N HD 7600G + HD ON HD Dual,526,0.0
Quadro FX 5600,525,295.0
Radeon HD 7660D + R5 235 Dual,524,0.0
GeForce GT 425M,524,0.0
Radeon HD 7660G + HD 7600M Dual,523,0.0
Radeon HD 7520G + 7670M Dual,523,0.0
Intel HD 4400,521,0.0
MCT USB3.0 External Device,520,0.0
Radeon HD 8670M,520,0.0
Radeon HD 7640G + HD 7670M Dual,519,0.0
Radeon 6600M,518,0.0
IncrediblE HD 4000,517,0.0
Intel HD P4000,516,0.0
GeForce GT 240,516,160.97
NVS 5200M,515,0.0
Radeon R5 330,513,339.99
Mobility Radeon HD 4830,512,0.0
Radeon HD 7640G + 7610M Dual,510,0.0
Radeon HD 7600G + HD 7550M Dual,509,0.0
Radeon HD 7620G + 8600M Dual,509,0.0
Radeon R5 PRO A6-8500B 2C+4G,508,0.0
Radeon HD 7620G + HD 8670M Dual,507,0.0
GeForce 9800 GTX+,507,0.0
Radeon Vega 2,506,0.0
GeForce GTS 150M,504,0.0
GeForce 820M,504,0.0
Radeon HD 8450G + HD 8750M Dual,504,0.0
Radeon HD 7660D,502,0.0
Mobility Radeon HD 5730,499,0.0
Radeon R7 M265DX,499,0.0
TRINITY SCRAPPER MOBILE,498,0.0
SUMO 964A,498,0.0
Radeon HD 7500G + 7550M Dual,497,0.0
ASUS EAH4870x2,496,0.0
Radeon HD 7520G + HD 7670M Dual,495,0.0
GeForce 8800 GT,494,69.99
GeForce 9600 GT,492,64.99
Radeon R7 M260,491,799.0
Radeon HD8530M,490,0.0
Radeon HD 8690A,490,0.0
Radeon HD 8670D N HD 8670D + HD 8670D Dual,489,0.0
Radeon R5 M420,488,0.0
Radeon HD 8550G + R5 M230 Dual,488,0.0
Radeon R4E,487,0.0
Radeon HD 7520G + 7400M Dual,487,0.0
GeForce GT 540M,484,87.95
Radeon HD 5570,483,179.99
Radeon HD 8610G + HD 8600M Dual,481,0.0
Quadro K500M,480,0.0
Mobility Radeon HD 5000 Serisi,479,0.0
Mobility Radeon HD 3870 X2,478,0.0
Radeon HD 7600G + HD 7500M/7600M Dual,477,0.0
GeForce 800A,477,0.0
GeForce GT 625M,476,0.0
Radeon HD 7660G,476,0.0
GeForce 710A,475,0.0
Radeon R6 A8-8600P,475,0.0
Radeon HD 8450G + 8670M Dual,475,0.0
Radeon HD 7640G + HD 8570M Dual,475,0.0
Radeon HD 7670M,474,629.99
Radeon R5 M315,474,0.0
"Radeon R5 PRO A6-8500B R5, 6 Compute Cores 2C+4G",472,0.0
FirePro 3D V3800,472,149.99
Radeon HD 8570D + R5 235 Dual,471,0.0
Quadro FX 3600M,467,0.0
Quadro FX 1800M,467,0.0
GeForce 9800 GT,467,74.99
SUMO 9644,466,0.0
Radeon HD 7660D + 7470 Dual,466,0.0
Radeon 3020e,465,0.0
Radeon HD 7550M,465,0.0
FirePro V5700,465,188.06
GeForce GT 720M,463,0.0
GeForce 710M,463,0.0
Mobility Radeon HD 4670,463,0.0
GeForce 8800M GTX,462,0.0
Radeon HD 7560D,462,0.0
Radeon HD 7640G,461,0.0
Radeon HD 7660G + HD 7600M N HD 7600M Dual,460,0.0
GeForce GT 525M,459,0.0
Intel HD Family,458,0.0
GeForce 800M,457,0.0
GeForce GT625M,457,0.0
Quadro FX 3700M,456,925.0
GeForce 705M,456,0.0
GeForce 9800M GTX,454,328.5
Radeon HD 7520G + 7650M Dual,453,0.0
Radeon HD 8450G + HD 8600M Dual,452,0.0
GeForce GT 320,452,32.69
Radeon HD 7620G N HD 7620G + HD 8600M N HD 8600M D,452,0.0
Mobility Radeon HD 5650,450,0.0
Radeon HD 7520G + HD 7600M Dual,447,0.0
Radeon HD 7660G + 8600M Dual,446,0.0
PHDGD Ivy 5,445,0.0
GeForce GT 710M,444,0.0
Radeon HD 7620G + HD 8600M Dual,443,0.0
Radeon HD 7650M,442,0.0
Quadro 410,441,129.0
Radeon R5 M320,440,0.0
GeForce GT 620M,439,0.0
Radeon HD 8570D,439,0.0
Radeon HD 7600G + HD Dual,435,0.0
Radeon HD 8410G,435,0.0
Radeon HD 3850 AGP,432,0.0
Quadro FX 4600,431,333.25
Radeon HD 7570M,429,0.0
Radeon HD 8570M,428,0.0
Radeon HD 8610G,428,0.0
GeForce GT 420,428,155.0
Radeon R5 M240,425,0.0
FirePro M2000,424,0.0
Radeon HD 7640G + HD 7500/7600 Dual,424,0.0
Radeon HD 7600G + 7550M Dual,423,0.0
RADEON HD6410D,423,0.0
Radeon HD 7640G N HD 7640G + HD 8570M Dual,423,0.0
Radeon R7 Eng Sample: ZM2111C1Y4382_34/21/13/06_98,422,0.0
GeForce 8800 GTS,422,79.99
Quadro FX 2800M,421,190.0
Intel 4th Generation Haswell HD,420,0.0
GeForce GT 420M,417,0.0
Radeon R5 M230,414,0.0
Radeon HD 8500M,412,0.0
GeForce 810M,410,0.0
Radeon HD 8550G,409,0.0
"Radeon R5 PRO A6-9500B R5, 6 COMPUTE CORES 2C+4G",408,0.0
GeForce GTS 350M,408,0.0
Radeon HD 7470M,408,0.0
Radeon HD 7640G + HD 7600M N HD 7600M Dual,407,0.0
Radeon HD 7600G + 7500M/7600M Dual,406,0.0
RADEON E4690,405,0.0
Radeon HD 6550D,403,0.0
Mobility Radeon HD 4650,401,0.0
GeForce 9800M GTS,401,0.0
GeForce GT 330,401,39.99
Quadro FX 1800,399,135.0
Radeon HD 3850,397,0.0
Radeon HD 8650D,396,0.0
Radeon R5 Opteron X3216,394,0.0
GeForce GT 335M,392,0.0
Radeon HD 7600G + 7450M Dual,390,0.0
Intel HD 5300,390,0.0
IncrediblE HD,389,0.0
GeForce 7900 GTX,388,0.0
GeForce 8800M GTS,382,0.0
GeForce 9800M GT,381,0.0
GeForce GT 130,381,151.34
Quadro FX 3700,381,213.27
Radeon HD 4670,380,142.96
GeForce GTX 260M,379,0.0
Radeon HD 6490M,378,1193.03
Quadro FX 2700M,377,99.95
Radeon HD 7520G + 8750M Dual,377,0.0
Radeon HD 7600G + 6400M Dual,377,0.0
PHDGD Ivy 4,375,0.0
Radeon HD 8570D + HD8490 Dual,374,0.0
Radeon HD 5550,371,54.99
Intel UHD Graphics 605,370,0.0
GeForce GT 610M / GT 620M / GT 710M / GT 720M / GT,369,0.0
GeForce GT 620,369,154.0
Matrox Millennium P690 PCIe x16,367,0.0
Radeon HD4670,366,0.0
Mobility Radeon HD 3850,366,0.0
Radeon HD 8510G,365,0.0
Radeon HD 7520G N HD 7520G + HD 7600M N HD 7600M D,365,0.0
Radeon HD 8450G,364,0.0
Radeon 3015e,364,0.0
Radeon HD 7660G + HD 8600M Dual,364,0.0
Radeon HD 8470D,363,0.0
Radeon HD 7620G,360,0.0
Radeon Vega 3 Ryzen Embedded R1305G,359,0.0
Radeon HD 7500G + HD 7500M/7600M Dual,356,0.0
Radeon HD 6480M,353,0.0
Mobility Radeon HD 565v,353,0.0
Intel HD 505,352,0.0
Radeon HD 6620G,352,0.0
Radeon HD 7580D,351,0.0
GeForce 7950 GT,344,203.99
Intel HD 4000,344,1592.95
Radeon R5 235,342,60.13
FirePro 3D V3750,341,50.88
FireGL V5600,341,225.0
Radeon HD 8310E,341,0.0
Radeon HD 7660D + HD 7400 Dual,340,0.0
GeForce GT 625,338,0.0
Radeon HD 8570D + HD 8470 Dual,338,0.0
Radeon HD 6530D,337,0.0
FirePro RG220,335,650.18
GeForce GT 705,335,296.76
Radeon HD 7600G + 8500M/8700M Dual,334,0.0
Radeon R4,333,396.99
Radeon R5 310,332,499.0
Radeon HD 7540D,331,0.0
GeForce 8800 GS,330,0.0
GeForce 9600 GSO 512,330,0.0
Radeon HD 7450M,330,0.0
Radeon HD 7600G + HD 7400M Dual,329,0.0
GeForce 9600 GSO,327,49.99
GeForce GT 120 / 9500 GT,325,0.0
Intel UHD Graphics 600,324,0.0
Radeon E6460,324,0.0
GeForce GT 230,323,43.99
FirePro V3800,321,124.99
RADEON HD6370D,320,0.0
GeForce 240M GT,320,0.0
Mobility Radeon HD 560v,318,0.0
GeForce 605,318,136.83
Radeon HD 7520G,315,0.0
Radeon HD 8370D,314,0.0
Radeon HD 7520G + 8600/8700M Dual,311,0.0
Radeon HD 7600G,309,0.0
Radeon HD 7420G,309,0.0
GeForce GT 520,307,304.0
Quadro FX 3500M,306,99.99
GeForce GT 610,305,139.99
Radeon HD 8350G,304,0.0
Radeon R3,303,0.0
Microsoft Basic Display Adapter Ryzen 5 5600G,302,0.0
Radeon HD 7500G,301,0.0
Radeon R1E,301,0.0
NVS 315,300,69.99
Intel HD 500,299,0.0
Radeon HD 6520G,298,0.0
Radeon R5E,296,0.0
GRID K120Q,293,0.0
GeForce 9600M GT / GeForce GT 220M,293,0.0
Radeon Vega 2 Athlon Silver 3050U,293,0.0
Radeon HD 2900 GT,292,0.0
GeForce 610M,292,0.0
IncrediblE HD 3000,291,0.0
GeForce 7800 GTX,291,71.6
Radeon HD 7470,289,81.37
Radeon HD 7450A,288,0.0
GeForce 7950 Xtreme,288,0.0
Intel HD P3000,287,0.0
GeForce GT 415M,286,0.0
Mobility Radeon HD 5165,284,0.0
Qualcomm Adreno 630 GPU,283,0.0
Radeon HD 2600 XT,283,159.0
GeForce GT 520M,282,29.95
Radeon HD 7480D,282,0.0
GeForce 9600 GS,282,0.0
GeForce GT 520MX,282,0.0
GeForce 9700M GTS,278,0.0
Radeon R5 235X,277,0.0
Radeon HD 6370M,276,0.0
NVS 4200M,272,399.0
GeForce Go 7900 GTX,270,0.0
GeForce 9650M GS,270,0.0
Radeon HD 8280G,270,0.0
Radeon HD 8400E,269,0.0
Radeon HD 5470,268,0.0
Radeon HD 7400G,267,0.0
Radeon HD 8330E,267,0.0
Mobility Radeon HD 550v,266,0.0
GeForce Go 7950 GTX,264,0.0
Radeon HD 8490,263,89.99
Radeon HD 8400,262,0.0
Radeon HD 8280,261,0.0
Radeon HD 6450A,260,0.0
Radeon HD 6480G,260,0.0
GeForce 510,260,69.99
Quadro FX 3500,260,68.98
GeForce 7900 GT,258,199.0
Radeon HD 8330,258,0.0
Intel HD 3000,256,945.0
GeForce 410M,255,0.0
Radeon HD 6370D,254,0.0
GeForce 7900 GS,254,0.0
Quadro NVS 510M,254,0.0
Radeon HD 8470,252,0.0
GeForce GT 415,251,0.0
Radeon HD 7640G + 8600M Dual,250,0.0
NVS 310,249,62.06
GeForce 7900 GT/GTO,247,0.0
CARRIZO 9874,247,0.0
GeForce 7800 GT,244,80.0
Quadro FX 5500,242,1999.0
Radeon R2,240,0.0
Radeon HD4650,240,152.9
Radeon HD 8240,239,0.0
Radeon HD 7640G + R5 M230 Dual,239,0.0
Radeon HD 6410D,238,0.0
Radeon HD 8280E,237,0.0
Mobility Radeon HD 5470,236,0.0
Quadro FX 4500 X2,236,0.0
Mobile Intel HD,236,479.98
Radeon HD 4550,236,156.0
Quadro FX 570,233,115.0
Mobility Radeon HD 3670,232,0.0
Radeon E6465,231,0.0
Radeon HD 4650,230,69.99
Radeon HD 6470M,228,569.99
Quadro FX 4500,226,169.0
Quadro NVS 290,226,59.0
Radeon HD 7450,224,49.99
GT 430,223,142.88
Intel G965 Express,223,0.0
Radeon R5 230,222,81.1
Radeon HD 7340M,221,0.0
A6 Micro-6500T Quad-Core APU with RadeonR4,220,0.0
Mobility FireGL V5725,219,0.0
Quadro FX 2500M,218,17.5
Radeon HD 8250,217,0.0
GeForce 7600 GT,217,199.0
Radeon HD 6320 Graphic,216,0.0
Mobility Radeon. HD 5470,215,0.0
Quadro FX 880M,215,0.0
Mobility Radeon HD 5450,214,0.0
Intel HD 2000,213,0.0
GeForce GT 220,213,39.99
Radeon R2E,212,0.0
Radeon HD 2600 PRO,211,188.44
GeForce GT 330M,211,0.0
GeForce Go 7600 GT,210,0.0
GeForce 320M,210,0.0
Intel Q45/Q43 Express Chipset,210,0.0
GeForce Go 7800 GTX,210,0.0
GeForce 9700M GT,209,0.0
Quadro NVS 320M,208,0.0
Radeon HD 4650 AGP,208,0.0
Intel i gfx-driver-ci-master-9938,206,0.0
Radeon R3E,206,0.0
Barco MXRT 1450,206,0.0
Intel 2nd Generation SandyBridge HD 3000,205,0.0
GeForce GT 230M,204,0.0
GeForce GT 240M,203,0.0
GeForce 7950 GX2,202,54.99
Radeon HD 6380G,201,399.99
Mobility Radeon HD 545v,200,0.0
RADEON HD7450,199,22.25
Radeon HD 6450,198,89.0
Radeon HD 6320M,198,0.0
Quadro FX 1500,197,115.01
Radeon HD 7340G,196,0.0
Intel Infoshock HD,194,0.0
Radeon HD 8210E,194,0.0
Radeon HD 6430M,193,0.0
Mobility Radeon HD 2600 XT,192,0.0
Intel Q965/Q963 Express,192,0.0
Mobility Radeon HD 4550,191,0.0
NVS 5100M,189,0.0
GeForce 6800 GS,189,0.0
Mobility Radeon HD 540v,188,0.0
GeForce 9500 GS,187,0.0
Radeon HD 8210,186,0.0
Intel 2nd Generation SandyBridge HD,186,0.0
Mobility Radeon HD 5430,181,0.0
Radeon HD 7310G,181,0.0
Barco MXRT 7100,180,0.0
FireGL V3600,180,160.99
Quadro FX 3450/4000 SDI,179,0.0
Radeon HD 6230,179,0.0
FirePro 3D V3700,179,84.99
GeForce 7800 GS,177,0.0
GeForce Go 7900 GS,176,0.0
Mobility Radeon HD 530v,175,0.0
Radeon HD 7310 - Carte graphique,174,0.0
Quadro FX 1700M,173,0.0
Quadro FX 1500M,171,0.0
Radeon HDG 4670,170,0.0
FirePro 2460,170,83.99
Quadro FX 770M,170,527.0
GeForce GT 325M,170,0.0
GeForce GT 120,169,29.99
Mobility Radeon HD 2600,168,0.0
GeForce G102M,168,0.0
Radeon HD 7310M,166,0.0
Intel HD manual-gen9_2015-133271,165,0.0
GeForce 9200,165,0.0
Radeon HD 7350,165,0.0
Radeon HD 8350,163,99.81
Quadro FX 380,163,72.5
Intel 3rd Generation IvyBridge HD GT1,161,0.0
Radeon HD 3450,159,89.0
GeForce 315,159,32.99
GeForce 7600 GS,157,175.0
Quadro FX 580,157,130.0
GeForce 8200,156,0.0
Radeon HD 4300/4500 Serisi,156,0.0
Radeon HD 7340,154,552.69
GeForce GT 120M,153,0.0
Radeon X1950 CrossFire Edition,151,0.0
GeForce 305M,151,0.0
Radeon HD 3650 AGP,150,185.0
GeForce 8400 GS,150,85.97
Radeon HD 3670,150,0.0
GeForce 8600 GTS,150,241.99
GeForce 9500 GT,149,85.99
Quadro FX 3450,149,119.99
Quadro 400,148,211.0
Mobility Radeon HD 4350,148,0.0
Radeon HD 6320,148,554.99
GeForce Go 7700,148,0.0
ZX Chrome 645/640 GPU,147,0.0
S3 5400EW,146,0.0
GeForce GT 130M,146,0.0
Radeon X1900 GT,146,0.0
FirePro 2270,145,134.0
GeForce 9200M GE,144,0.0
Radeon HD 6300M,143,0.0
GeForce 6800 GT,142,0.0
EG PARK,141,0.0
RADEON HD 6350,141,59.0
Radeon HD 4290,141,0.0
Radeon X1800 GTO,141,0.0
Radeon HD 6290M,140,0.0
nForce 760i SLI,140,0.0
NVS 2100M,140,0.0
Intel Haswell HD - GT2,139,0.0
Mobility Radeon HD 4570,139,75.9
GeForce 6800 Ultra,139,0.0
Radeon HD 8180,139,0.0
GeForce Go 6800 Ultra,138,0.0
GeForce 9600M GT,138,78.2
Quadro NVS 160M,138,0.0
GeForce 9650M GT,137,117.3
GeForce 6600 GT,137,64.95
Radeon X1900 CrossFire Edition,137,0.0
GeForce 7300 GT,136,149.99
Radeon HD 5450,136,94.96
GeForce G200,136,0.0
Mobility Radeon HD 4330,135,0.0
Mobility Radeon X1900,135,0.0
GeForce 9800 GT 1024MB,134,0.0
EAH5450,134,109.99
GeForce 7650 GS,134,0.0
Radeon R5 220,133,85.26
GeForce 9400 GT,132,159.99
VIA/S3G C-645/640 GPU,132,0.0
Quadro FX 1600M,131,149.9
MOBILITY RADEON X1800,130,0.0
Mobility Radeon HD 3650,130,73.53
RADEON X800 SE,130,0.0
GeForce 9300 / nForce 730i,129,0.0
Radeon HD 7310,129,0.0
Quadro FX 1700,129,350.14
FireGL V7300,128,1189.99
GeForce Go 7600,128,0.0
All-in-Wonder X1900,127,0.0
Quadro FX 380 LP,127,0.0
GeForce 9300,127,59.0
Radeon HD 3300,127,0.0
GeForce 205,126,0.0
Seria Mobility Radeon HD 3400,125,0.0
Qualcomm Adreno 618 GPU,125,0.0
GeForce 8700M GT,124,0.0
Quadro FX 1400,124,245.01
GeForce G100,124,19.99
GeForce 8500 GT,124,0.0
Radeon HD 7290M,123,0.0
GeForce 6800 XT,123,0.0
Intel Haswell HD - GT1,123,0.0
Radeon HD 3470,123,109.65
NVS 300,123,62.97
Radeon HD 4250,123,0.0
Radeon HD 6310,122,0.0
GeForce GT 220M,122,0.0
GeForce 9500M G,122,0.0
Radeon HD 4350,121,102.24
Quadro FX 380M,121,0.0
Radeon HD 2400,121,88.2
GeForce 405,120,24.64
Extreme AX850 PRO,120,0.0
GeForce 310,120,108.35
Radeon HD 2400 XT,119,0.0
RV530 PRO,119,0.0
Qualcomm Adreno 540 GPU,119,0.0
GeForce 505,118,115.06
GeForce 9600M GS,118,0.0
FireMV 2260,117,88.08
Mobile Intel 45 Express-Chipsatzfamilie,117,0.0
GeForce 8600 GT,117,196.0
PHDGD Quantic C3,117,0.0
Radeon X1700 Targa Edition,117,0.0
FireGL V7200,116,0.0
Radeon X1600 XT,116,0.0
GeForce 8300 GS,115,0.0
GeForce G210M,115,0.0
RADEON X800 GTO,115,0.0
GeForce 315M,115,0.0
NVS 3100M,115,0.0
GeForce Go 7800,115,0.0
FireGL V5200,115,133.4
Radeon HD 2400 Pro,114,0.0
Quadro FX 560,114,150.25
Radeon HD 4330,113,0.0
Radeon X1950 Pro,113,0.0
FirePro 2260,113,0.0
GeForce 6800,113,559.29
Sapphire RADEON X800 GT,113,0.0
GeForce 8400M GS,113,78.2
Intel HD Modded,112,0.0
Radeon HD 7290,112,0.0
Radeon HD 4200,112,0.0
GeForce 9200M GS,111,0.0
Mobility Radeon HD 3400 Serisi,111,0.0
GeForce 310M,111,0.0
FireGL V7350,111,119.42
Radeon HD 2600 Pro AGP,110,0.0
Radeon HD 4270,110,0.0
GeForce 6800 LE,110,0.0
VIA/S3G Chrome 645/640 GPU,110,0.0
Intel B43 Express Chipset,109,0.0
Intel Media Accelerator HD,109,0.0
Quadro FX 370 LP,108,0.0
GeForce G105M,107,0.0
Radeon Infoshock 3000,107,0.0
Radeon X1950 GT,106,0.0
GeForce Go 6800,106,0.0
GeForce 210,106,54.15
GeForce9400M,106,0.0
GeForce GT 320M,106,0.0
Radeon HD 6290,105,0.0
GeForce 9450,105,0.0
Mobility Radeon X1700,105,0.0
Quadro FX 3400/4400,104,0.0
M880G with Mobility Radeon HD 4250,104,0.0
Quadro FX 570M,104,0.0
GeForce 9500M,104,101.2
Intel G41 Express Chipset,103,0.0
FireGL V3400,103,0.0
Quadro FX 370 Low Profile,103,0.0
GeForce 6800 GS/XT,103,0.0
GeForce 9300 GS,102,59.95
GeForce 9500M GS,102,0.0
Mobility Radeon HD 2400 XT,102,0.0
Quadro FX Go1400,102,0.0
GeForce 8300,102,22.68
Quadro FX 4000,101,0.0
Matrox G200e WDDM 2.0,101,0.0
Radeon X1600 Pro,99,0.0
GeForce 9400,99,0.0
GeForce G210,98,122.12
Mobility Radeon HD 4250,98,0.0
Radeon 3000,98,319.0
Mobility Radeon HD 3430,98,0.0
ION LE,98,0.0
GeForce 9300GE,98,97.2
RADEON X800 XT,98,0.0
Quadro NVS 130M,97,0.0
Mobility Radeon HD serie 4200,97,0.0
Radeon HD 3000,96,0.0
GeForce 6700 XL,95,0.0
MEDION RADEON X740XL,95,0.0
Intel G45/G43 Express Chipset,95,0.0
Matrox G200eW3 WDDM 2.0,94,0.0
Mobility Radeon HD 3470 Hybrid X2,94,0.0
Radeon HD 6250,94,0.0
Mobility Radeon HD 3470,93,0.0
Quadro FX 370M,93,0.0
Mobility Radeon HD 4270,93,0.0
M880G with Mobility Radeon HD 4200,93,0.0
FireGL V5100,93,114.96
Mobility Radeon X1600,92,0.0
nForce 780a SLI,92,0.0
GeForce 8600 GS,92,0.0
RADEON X600XT,92,0.0
GeForce G205M,92,0.0
Mobility Radeon HD 3450,91,0.0
Mobility Radeon HD 4200,91,0.0
GeForce 9300M GS,90,43.42
GeForce 8600M GT,90,108.1
Mobility Radeon HD 2400,90,0.0
GeForce 7500 LE,90,0.0
Intel Q35 Express,89,0.0
GeForce 6610 XL,89,0.0
Quadro FX 360M,87,0.0
GeForce 6600,86,264.0
Quadro FX 350,86,0.0
FireGL V3200,85,0.0
Radeon X1650 Pro,85,160.89
GeForce 9300M G,85,0.0
ALL-IN-WONDER X800 GT,84,0.0
Radeon X1300 PRO,84,0.0
ION,84,229.99
RADEON X800 GT,84,0.0
GeForce 999 GTX,84,0.0
Quadro FX 370,84,125.0
nForce 750a SLI,83,0.0
Radeon HD 3200,82,0.0
GeForce 9100,82,0.0
RADEON X850 XT Platinum Edition,82,0.0
Mobility Radeon X2500,82,0.0
MOBILITY FireGL V5000,82,0.0
GeForce 9300 SE,82,0.0
nForce 980a/780a SLI,82,0.0
GeForce 8400,81,589.99
RADEON X800 XT Platinum Edition,81,0.0
Mobility Radeon 4100,81,0.0
RADEON X850 XT,81,0.0
Quadro FX 540,81,59.99
GeForce 7300 LE,80,32.0
Quadro NVS 295,80,63.0
RADEON X800GT,80,0.0
GeForce 8100 / nForce 720a,79,0.0
GeForce 7300 GS,79,0.0
Radeon HD 2350,77,0.0
GeForce 9300 GE,76,22.99
RADEON X700 PRO,76,0.0
M860G with Mobility Radeon 4100,76,0.0
Radeon X1650 GTO,75,0.0
GeForce 7350 LE,74,0.0
FireMV 2450,74,0.0
Radeon 3100,74,179.17
RADEON X800 PRO/GTO,73,0.0
Mobility Radeon HD 4300 Serisi,73,0.0
RADEON X850 PRO,73,0.0
RADEON X700,73,0.0
FireGL V7100,72,328.67
MEDION RADEON 9800 XXL,72,0.0
M880G with Mobility Radeon HD 4225,72,0.0
RADEON X700 SE,71,0.0
Radeon X1650 SE,71,0.0
Radeon X550XTX,71,0.0
FireGL V3300,71,0.0
Quadro NVS 150M,70,0.0
Diamond X1300-PCIE 256MB,70,0.0
GeForce 8600M GS,70,0.0
Quadro NVS 420,70,150.0
BASICDISPLAY,70,0.0
GeForce Go 6600,69,0.0
RADEON X800 XL,69,0.0
Radeon X1600 Pro / X1300XT,69,0.0
Quadro NVS 140M,69,0.0
Quadro FX 3000,69,166.61
FireGL V3350,69,0.0
GeForce 8400 SE,68,0.0
GeForce 9100M G,68,0.0
Intel G45/G43/G41 Express Chipset,68,0.0
Matrox G200eR WDDM 2.0,68,0.0
GeForce 9400M,68,0.0
GeForce 9400M G,68,0.0
RADEON X600 PRO,67,160.49
Quadro NVS 450,67,159.0
MOBILITY RADEON X700,67,0.0
GeForce 8400M GT,67,0.0
Radeon X1550,67,155.0
Mobility Radeon HD 4225,66,0.0
GeForce Go 7400,66,0.0
RADEON X800 PRO,65,0.0
Quadro FX 550,64,287.82
GeForce G 105M,63,0.0
Mobility Radeon HD 3410,63,0.0
Intel HD manual-15.28-1861,63,0.0
GeForce G 103M,63,0.0
GeForce 8200M G,62,0.0
MOBILITY FireGL V3200,62,0.0
SAPPHIRE Radeon X1550,61,0.0
MOBILITY RADEON X700 XL,60,0.0
Radeon 2100,60,190.99
RADEON 9800 PRO,59,0.0
Matrox G200e WDDM 1.2,59,0.0
GeForce FX 5950 Ultra,59,0.0
FireGL X1,59,0.0
GeForce 6800 XE,59,0.0
GeForce 8400M G,59,0.0
Radeon X1300,58,95.78
Intel - Express Chipset Q45/Q43,58,0.0
RADEON 9800,58,325.0
Intel G41 Express-Chipsatz,57,0.0
Intel Q45/Q43 Express-Chipsatz,57,0.0
RADEON 9800 XT,57,0.0
Intel - Express Chipset G41,57,0.0
RADEON X600 256MB HyperMemory,57,0.0
RADEON X550XT,56,0.0
RADEON 9700 PRO,54,0.0
GeForce 6200 TurboCache,53,0.0
FireGL V3100,53,0.0
Radeon Xpress 1300,52,0.0
Intel G33/G31 Express,52,0.0
Quadro NVS 135M,52,0.0
GeForce Go 7300,52,0.0
Matrox G200eh WDDM 1.2,52,0.0
RADEON E2400,52,0.0
GeForce FX Go5700,51,0.0
GeForce 6600 LE,51,0.0
FirePro 2450,51,89.99
RADEON X550,51,0.0
Mobility Radeon HD 2300,51,0.0
MOBILITY RADEON X600,50,0.0
Matrox G200eW WDDM 1.2,50,0.0
Radeon X1600,49,0.0
Mobile Intel 965 Express,49,0.0
MOBILITY RADEON X600 SE,49,0.0
Radeon X1050,49,0.0
RADEON X600 SE,49,56.18
GeForce 7300 SE/7200 GS,49,0.0
Mobility Radeon X2300 HD,49,0.0
Mobility Radeon X2300,48,0.0
GeForce 7100 GS,48,0.0
Radeon X1550 64-bit,48,0.0
Quadro NVS 110M,48,0.0
SAPPHIRE RADEON 9600 ATLANTIS,47,0.0
Quadro NVS 120M,47,0.0
Matrox G200eh WDDM 2.0,46,0.0
MOBILITY RADEON 9800,46,0.0
FireMV 2250,46,104.0
Matrox G200eR WDDM 1.2,45,0.0
GeForce Go 7200,45,0.0
MOBILITY FireGL V5200,45,0.0
GeForce Go 6600 TE/6200 TE,45,0.0
Quadro FX 350M,45,0.0
Mobile Intel serie 4 Express,45,0.0
Mobile Intel 4 Express-Chipsatzfamilie,45,0.0
Radeon 9700 TX w/TV-Out,44,0.0
Mobile Intel 45 Express,44,0.0
Matrox M9188 ATX PCIe x16,44,0.0
Mobility Radeon X1400,43,0.0
RADEON 9600 PRO,43,0.0
Radeon Xpress 1250,43,0.0
Matrox M9138 LP PCIe x16,42,0.0
Quadro NVS 285,42,169.86
RADEON 9500 PRO / 9700,42,0.0
GeForce 6200,42,99.99
GeForce 7050 / nForce 620i,42,0.0
GeForce 7100 / nForce 630i,41,0.0
GeForce FX 5900 Ultra,41,0.0
GeForce FX 5700,41,0.0
MOBILITY FIREGL T2,41,0.0
Matrox G200eh,41,0.0
Radeon Xpress 1300M,40,0.0
Matrox M9148 LP PCIe x16,40,0.0
GeForce FX 5900XT,40,0.0
Mobility Radeon X1350,40,0.0
Matrox G200eW,40,0.0
Mobility Radeon X1300,40,0.0
S3 Chrome 430 ULP,40,0.0
MOBILITY RADEON 9600/9700,39,0.0
GeForce 7300 SE,39,0.0
Mobile Intel - famiglia Express Chipset 45,39,0.0
GeForce 6500,38,0.0
Quadro NVS 285 128MB,38,55.0
RADEON X300SE,38,0.0
GeForce 7050 / nForce 630i,38,0.0
256MB DDR Radeon 9800 XT,38,0.0
Quadro NVS 440,38,228.87
Radeon X1250,37,0.0
GeForce 6200SE TurboCache,37,0.0
Matrox G200eR,37,0.0
CONNECT 3D RADEON X300,36,0.0
RADEON 9500,36,40.5
FireMV 2200 PCIe,36,89.99
MOBILITY RADEON 9600,36,0.0
Quadro FX 1100,36,212.99
Radeon Xpress 1200,36,0.0
RADEON 9600 XT,35,0.0
GeForce PCX 5750,35,0.0
RADEON 9550,35,291.74
GeForce FX 5900,35,0.0
Quadro FX 1300,34,0.0
Quadro FX 1000,34,0.0
GeForce FX 5700 Ultra,34,0.0
GeForce PCX 5900,34,0.0
Radeon Xpress 1100,34,0.0
MOBILITY RADEON X300,34,0.0
MOBILITY FIREGL T2/T2e,34,0.0
S3 Chrome S27 DDR3,33,0.0
GeForce 6150 LE,33,0.0
Mobility Radeon X1450,33,0.0
GeForce FX 5700VE,33,0.0
GeForce 7150 / nForce 630i,33,0.0
Intel Media Accelerator,33,0.0
GeForce FX 5900ZT,33,0.0
Radeon X1200,33,0.0
GeForce 7025 / nForce 630a,33,0.0
GeForce 6200 A-LE,32,0.0
Matrox M9128 LP PCIe x16,32,0.0
Red Hat QXL controller,32,0.0
GeForce 7050 PV / nForce 630a,31,0.0
Radeon X1270,31,0.0
FireGL T2-128,31,0.0
MOBILITY RADEON 9550,30,0.0
GeForce 6150SE nForce 430,30,0.0
All-in-Wonder X1800XL,30,0.0
Radeon Xpress 1150,30,0.0
GeForce 6100 nForce 405,30,0.0
RADEON XPRESS 200,30,0.0
Radeon 9550 / X1050,29,0.0
GeForce 6200 LE,29,41.24
MOBILITY RADEON 9700,27,0.0
MOBILITY FireGL V5250,27,0.0
RADEON 9600SE,27,0.0
GeForce 6100,27,0.0
MOBILITY RADEON XPRESS 200,27,0.0
RADEON 9600 PRO Family,27,0.0
Radeon Xpress 1270,27,0.0
GeForce 7100 / nForce 620i,26,0.0
PHDGD Sapphire GR for Mobile Intel 965,26,0.0
Matrox M9120 Plus LP PCIe x16,26,0.0
Matrox M9125 PCIe x16,26,0.0
GeForce 6100 nForce 420,25,0.0
GeForce 6100 nForce 400,25,0.0
GeForce 7050 / nForce 610i,25,0.0
RADEON 9600 Family,25,0.0
MOBILITY RADEON 9600 PRO TURBO,25,0.0
GeForce 6150SE,25,0.0
GeForce FX 5700LE,25,0.0
GeForce Go 6400,24,0.0
Mobile Intel 965 Express-Chipsatzfamilie,24,0.0
Quadro NVS 210S,24,0.0
RADEON 9800 SE,24,0.0
Matrox M9140 LP PCIe x16,23,0.0
ALL-IN-WONDER 9800,23,0.0
GeForce 7200 GS,23,0.0
GeForce 6100 nForce 430,23,0.0
S3 Chrome S25,23,0.0
RADEON A9800XT,23,0.0
RADEON XPRESS 200M,23,0.0
GeForce 6150,22,329.0
Quadro NVS 210S / GeForce 6150LE,21,0.0
PHDGD Solo 2 x64,20,0.0
Matrox M9120 PCIe x16,20,0.0
GeForce Go 6150,19,0.0
QXL KMDOD,19,0.0
S3 Chrome S25 DDR2,18,0.0
RADEON 9600 TX Family,18,0.0
GeForce 7150M / nForce 630M,18,0.0
RADEON XPRESS 200 CROSSFIRE,18,0.0
Quadro FX 2000,18,0.0
GeForce Go 6100,18,0.0
GeForce FX Go 5600,18,0.0
Mobile Intel965 Express,18,0.0
GeForce FX 5600 Ultra,17,0.0
GeForce FX Go5650,17,0.0
GRID V100-8Q,16,0.0
NV44,15,0.0
GeForce Go 6200,15,0.0
Quadro FX 500/600 PCI,14,0.0
Radeon HD 2400 PCI,14,0.0
GeForce 7000M,13,0.0
GeForce 7000M / nForce 610M,13,0.0
GeForce FX 5600,13,0.0
GeForce FX Go5300,13,0.0
GeForce FX 5200 Ultra,12,0.0
Intel 82945G Express,12,0.0
GeForce FX 5200SE,12,0.0
FireMV 2400 PCIe,11,0.0
RGH Drivers v3,11,0.0
PHDGD Solo 1.2.0 x86,11,0.0
Master X3100 Driver,10,0.0
MOBILITY IGP 9000/9100,10,0.0
Matrox Parhelia 256MB,9,0.0
VIA Chrome9 HD IGP,9,0.0
ASUS A7000,9,0.0
GeForce FX 5600XT,9,0.0
GeCube RADEON 7000,9,0.0
GeForce FX Go 5200,8,0.0
Intel Q35 Embedded,8,0.0
GeForce FX 5500,8,153.97
Mobile Intel 965 Express - BR-0907-0461 v1839,8,0.0
Quadro NVS 280 PCI,8,130.0
Intel 82945G Express-Chipsatzfamilie,8,0.0
MOBILITY RADEON 9000 IGP,8,0.0
GeForce FX 5100,8,0.0
ASUS V9520-X V62.11,8,0.0
Quadro FX 500/FX 600,8,0.0
GeForce FX 5200,8,129.0
Intel US15 Embedded Media and Controller,7,0.0
GeForce4 Ti 4400,7,0.0
GeForce FX 5200LE,7,42.99
Intel Media Accelerator 600,7,0.0
GeForce4 Ti 4800 SE,7,0.0
Matrox Millennium P690 Plus LP PCIe x16,7,0.0
Quadro4 380 XGL,7,0.0
RADEON 8500 Family,7,0.0
GeForce4 MX Integrated GPU,7,0.0
V9560XT,6,0.0
GeForce2 Ultra,6,0.0
MOBILITY RADEON 7000 IGP,6,0.0
GeForce PCX 5300,6,0.0
RADEON 9100 Family,6,0.0
Quadro NVS 55/280 PCI,6,0.0
RADEON IGP 350M,6,0.0
GeForce4 440 Go 64M,6,0.0
VIA/S3G UniChromeII,6,0.0
GeForce4 Ti 4800,6,0.0
Mobile Intel 945GM Express,6,0.0
Quadro 280 NVS PCIe,6,0.0
NVIDIA GeForce3 Ti200,6,0.0
Intel 82915G Express,6,0.0
MOBILITY RADEON 9000/9100 IGP,6,0.0
Matrox Parhelia APVe,6,0.0
ALL-IN-WONDER RADEON 8500DV,6,0.0
GeForce4 Ti 4200,6,0.0
GeForce4 448 Go,6,0.0
GeForce4 Ti 4600,6,53.99
RADEON 9100 IGP,5,0.0
GeForce4 420 Go 32M,5,0.0
Matrox Millennium P650 PCIe 128,5,0.0
Mobile Intel 945GM/GU Express,5,0.0
SAPPHIRE RADEON 9000 ATLANTIS PRO,5,0.0
Xabre,5,0.0
Intel Q33 Express,5,0.0
GeForce 256,5,42.04
Quadro4 980 XGL,5,341.43
GeForce4 440,5,0.0
Quadro4 900 XGL,5,0.0
ALL-IN-WONDER 9000,5,0.0
GeForce3,5,0.0
GeForce4 MX 440 with AGP8X,5,0.0
WinFast A250 LE,5,0.0
GeForce2 MX with DVI-D and TV-out,5,0.0
GeForce4 MX 420,5,0.0
MOBILITY FIREGL 7800,5,0.0
RADEON 7500 Family,5,0.0
VIA/S3G UniChrome Pro IGP,5,0.0
Intel 82865G Controller,5,0.0
Intel 915G/915GV/910GL Embedded Controller Functio,5,0.0
RADEON 9000,5,0.0
GeForce2 Ti,5,0.0
XGI Volari Family v1.13.23.D_V,5,0.0
GeForce4 MX 440SE,5,0.0
GeForce4 MX 440,5,0.0
Quadro2 MXR/EX,5,0.0
Intel 945G Embedded Chipset Function 0,5,0.0
GeForce4 MX 4000,5,0.0
ASUS AGP-V3800PRO v31.40H,5,0.0
GeForce2 Integrated GPU,4,0.0
Dell 8200,4,0.0
VIA Chrome9 HC IGP,4,0.0
VIA/S3G UniChrome IGP,4,0.0
GeForce4 MX 460,4,0.0
GeForce2 Go,4,0.0
MOBILITY/RADEON 9000,4,0.0
GeForce3 Ti 200,4,0.0
VIA/S3G KM400/KN400,4,0.0
"Intel 915G,910G Express",4,0.0
GeForce2 GTS/GeForce2 Pro,4,0.0
GeForce4 4200 Go,4,0.0
GeForce2 MX/MX 400,4,0.0
ABIT Siluro T400,4,0.0
VIA Chrome9 HC IGP Family,4,0.0
RADEON 7000 / RADEON VE Family,4,0.0
RIVA TNT2 Model 64/Model 64 Pro,4,0.0
RADEON IGP 320,4,0.0
GeForce4 440 Go,4,0.0
Intel 82915G/915GV/910GL,4,0.0
Intel 865 Embedded Controller,4,0.0
GeForce 6200A,4,54.99
RADEON 9200,4,153.63
MOBILITY RADEON 7500,4,0.0
Radeon IGP 320M,4,0.0
RADEON 9000 Family,4,0.0
VIA Chrome9 HC IGP Family WDDM,4,0.0
Intel Media Accelerator 500,3,0.0
RIVA TNT2/TNT2 Pro,3,0.0
Matrox Parhelia 128MB,3,393.99
VIA Chrome9 HC IGP WDDM 1.1,3,0.0
GeForce4 420 Go,3,0.0
VIA/S3G DeltaChrome IGP,3,0.0
MOBILITY RADEON 9000,3,0.0
GeForce2 MX 100/200,3,0.0
Intel 946GZ Embedded Chipset,3,0.0
RADEON 7500,3,177.25
S3 Inc. Savage4,3,0.0
AMIGAMERLIN 3.1-R1 For Voodoo 4 4500 PCI,3,0.0
Rage Fury Pro/Xpert 2000 Pro,3,0.0
Intel 82915G/GV/910GL Express,3,0.0
Vanta/Vanta LT,3,0.0
MOBILITY RADEON 9200,3,0.0
Intel 946GZ Express,3,0.0
MOBILITY RADEON 9100 IGP,3,0.0
Intel Media Accelerator 3150,3,0.0
Intel 82845G/GL/GE/PE/GV Controller,3,0.0
RADEON 7200,3,599.99
RADEON 9200 PRO Family,3,0.0
VIA Chrome9 HC IGP WDDM,3,0.0
GeForce2 MX,3,0.0
RADEON IGP 345M,3,0.0
Radeon 7000 / Radeon VE,3,0.0
VIA Chrome9 HC3 IGP,3,0.0
Intel 82915G/GV/910GL Advanced v3.5,3,0.0
Intel 82845G/GL Controller,3,0.0
RADEON 9200 LE Family,3,0.0
RADEON 9250,3,194.0
GeForce2 MX with TV Out,3,0.0
RADEON 9200 SE,3,0.0
GeForce3 Ti 500,3,0.0
Intel GMA 3150 Express,3,0.0
Radeon IGP 340M,3,0.0
Quadro NVS 280 SD,2,0.0
Dell 8100,2,999.11
VIA Chrome9 HC IGP Prerelease WDDM 1.1,2,0.0
Intel 82845G Controller,2,0.0
Radeon VE,2,0.0
Intel Extreme Controller,2,0.0
S3 SuperSavage/IXC 1014,2,0.0
VisionTek Radeon 7000,2,0.0
Mobile Intel 915GM/GMS/910GML Express,2,0.0
Mobile Intel 945 Express,2,0.0
VIA Chrome9 HCM IGP,2,0.0
RADEON IGP 34xM,2,0.0
S3 ProSavageDDR,1,0.0
Rage 128 Pro,1,0.0
VIA Chrome9 HC3 IGP WDDM 1.1,1,0.0
Intel 82852/82855 GM/GME Controller,1,0.0
RAGE 128 PRO AGP 4X TMDS,1,0.0
Quadro2 Pro,1,0.0
FireMV 2200 PCI,1,0.0
